Sample,WCRAdded,WCRRecovered,WCRSurvival,WCRWeightAvg,WCRHeadCap,WCRInstarAvg,WCR3rdInstar,WCR2ndInstar,WCR1stInstar,WCRTotalWeight,Rep,Weight(mg),Hcwidth(mm),Instar,,,,,
A01,19,0,0.00,na,,na,,,,na,na,na,na,na,,,,,
A05,20,2,0.10,4.91,,3.00,,,,9.82,1,5.336,0.489,3,,,,,
,,,,,,,,,,,2,4.481,0.464,3,,,,,
A08,20,0,0.00,na,,na,,,,na,na,na,na,na,,,,,
B02,20,2,0.10,1.19,,3.00,,,,2.38,1,1.202,0.435,3,,,,,
,,,,,,,,,,,2,1.173,0.512,3,,,,,
B07,20,2,0.10,1.93,,3.00,,,,3.85,1,1.511,0.464,3,,,,,
,,,,,,,,,,,2,2.339,0.485,3,,,,,
B08,19,3,0.16,1.75,,2.67,,,,5.26,1,2.551,0.507,3,,,,,
,,,,,,,,,,,2,1.194,0.424,3,,,,,
,,,,,,,,,,,3,1.517,0.394,2,,,,,
C04,15,2,0.13,2.41,,3.00,,,,4.82,1,1.689,0.461,3,,,,,
,,,,,,,,,,,2,3.134,0.483,3,,,,,
C06,20,2,0.10,1.62,,3.00,,,,3.24,1,1.905,0.472,3,,,,,
,,,,,,,,,,,2,1.339,0.511,3,,,,,
C08,20,1,0.05,0.88,,3.00,,,,0.88,1,0.883,0.419,3,,,,,
D01,20,2,0.10,0.49,,2.50,,,,0.98,1,0.169,0.299,2,,,,,
,,,,,,,,,,,2,0.814,0.432,3,,,,,
D06,20,5,0.25,0.29,,2.00,,,,1.44,1,0.438,0.279,2,,,,,
,,,,,,,,,,,2,0.181,0.28,2,,,,,
,,,,,,,,,,,3,0.181,0.309,2,,,,,
,,,,,,,,,,,4,0.334,0.298,2,,,,,
,,,,,,,,,,,5,0.306,0.262,2,,,,,
D08,20,3,0.15,0.64,,2.33,,,,1.91,1,0.209,0.279,2,,,,,
,,,,,,,,,,,2,0.171,0.333,2,,,,,
,,,,,,,,,,,3,1.528,0.502,3,,,,,
E03,20,2,0.10,0.19,,2.00,,,,0.37,1,0.11,0.301,2,,,,,
,,,,,,,,,,,2,0.264,0.295,2,,,,,
E04,17,2,0.12,0.80,,2.50,,,,1.60,1,0.445,0.283,2,,,,,
,,,,,,,,,,,2,1.158,0.468,3,,,,,
E05,20,0,0.00,na,,na,,,,na,na,na,na,na,,,,,
F02,20,1,0.05,0.34,,2.00,,,,0.34,1,0.335,0.306,2,,,,,
F05,20,1,0.05,0.57,,3.00,,,,0.57,1,0.573,0.456,3,,,,,
F07,18,1,0.06,0.33,,2.00,,,,0.33,1,0.326,0.295,2,,,,,
G02,16,1,0.06,1.61,,3.00,,,,1.61,1,1.61,0.49,3,,,,,
G03,20,1,0.05,2.02,,3.00,,,,2.02,1,2.024,0.489,3,,,,,
G07,20,4,0.20,0.99,,2.75,,,,3.95,1,0.188,0.264,2,,,,,
,,,,,,,,,,,2,0.988,0.493,3,,,,,
,,,,,,,,,,,3,1.47,0.474,3,,,,,
,,,,,,,,,,,4,1.304,0.476,3,,,,,
H02,17,1,0.06,3.32,,3.00,,,,3.32,1,3.32,0.441,3,,,,,
H05,20,0,0.00,na,,na,,,,na,na,na,na,na,,,,,
H06,20,4,0.20,1.34,,3.00,,,,5.36,1,0.875,0.436,3,,,,,
,,,,,,,,,,,2,0.785,0.417,3,,,,,
,,,,,,,,,,,3,1.368,0.479,3,,,,,
,,,,,,,,,,,4,2.332,0.495,3,,,,,
I02,18,2,0.11,0.98,,2.00,,,,1.96,1,0.145,0.224,1,,,,,
,,,,,,,,,,,2,1.816,0.443,3,,,,,
I06,20,0,0.00,na,,na,,,,na,na,na,na,na,,,,,
I07,20,3,0.15,1.01,,2.67,,,,3.02,1,0.19,0.28,2,,,,,
,,,,,,,,,,,2,1.32,0.503,3,,,,,
,,,,,,,,,,,3,1.512,0.479,3,,,,,
J02,16,0,0.00,na,,na,,,,na,na,na,na,na,,,,,
J06,19,0,0.00,na,,na,,,,na,na,na,na,na,,,,,
J08,20,1,0.05,0.45,,2.00,,,,0.45,1,0.452,0.287,2,,,,,
K04,18,0,0.00,na,,na,,,,na,na,na,na,na,,,,,
K05,20,7,0.35,1.26,,2.67,,,,8.82,1,1.785,0.462,3,,,,,
,,,,,,,,,,,2,1.537,0.511,3,,,,,
,,,,,,,,,,,3,0.277,0.298,2,,,,,
,,,,,,,,,,,4,1.327,0.351,2,,,,,
,,,,,,,,,,,5,1.208,0.45,3,,,,,
,,,,,,,,,,,6,1.423,0.488,3,,,,,
K06,18,0,0.00,na,,na,,,,na,na,na,na,na,,,,,
L01,18,0,0.00,na,,na,,,,na,na,na,na,na,,,,,
L03,20,1,0.05,0.04,,1.00,,,,0.04,1,0.041,0.183,1,,,,,
L07,20,1,0.05,2.71,,3.00,,,,2.71,1,2.707,0.495,3,,,,,
A10,20,1,0.05,1.16,0.50,3.00,1.00,0.00,0.00,1.16,1,1.164,0.496,3,,,,,
A11,20,5,0.25,0.35,0.43,2.80,0.80,0.20,0.00,1.77,1,0.194,0.463,3,,,,,
,,,,,,,,,,,2,0.276,0.461,3,,,,,
,,,,,,,,,,,3,0.717,0.485,3,,,,,
,,,,,,,,,,,4,0.53,0.466,3,,,,,
,,,,,,,,,,,5,0.052,0.289,2,,,,,
A13,20,8,0.40,0.15,0.35,2.25,0.38,0.50,0.13,1.22,1,0.236,0.459,3,,,,,
,,,,,,,,,,,2,0.285,0.444,3,,,,,
,,,,,,,,,,,3,0.133,0.302,2,,,,,
,,,,,,,,,,,4,0.034,0.273,2,,,,,
,,,,,,,,,,,5,0.083,0.294,2,,,,,
,,,,,,,,,,,6,0.312,0.504,3,,,,,
,,,,,,,,,,,7,0.072,0.231,1,,,,,
,,,,,,,,,,,8,0.067,0.269,2,,,,,
A14,19,7,0.37,0.33,0.45,2.86,0.86,0.14,0.00,2.33,1,0.296,0.452,3,,,,,
,,,,,,,,,,,2,0.236,0.465,3,,,,,
,,,,,,,,,,,3,0.532,0.475,3,,,,,
,,,,,,,,,,,4,0.49,0.484,3,,,,,
,,,,,,,,,,,5,0.48,0.482,3,,,,,
,,,,,,,,,,,6,0.029,0.298,2,,,,,
,,,,,,,,,,,7,0.264,0.496,3,,,,,
B09,20,2,0.10,1.79,0.50,3.00,1.00,0.00,0.00,3.59,1,1.542,0.515,3,,,,,
,,,,,,,,,,,2,2.045,0.476,3,,,,,
B10,20,2,0.10,0.44,0.45,3.00,1.00,0.00,0.00,0.88,1,0.413,0.429,3,,,,,
,,,,,,,,,,,2,0.466,0.471,3,,,,,
B14,20,9,0.45,0.41,0.43,2.78,0.78,0.22,0.00,3.72,1,0.297,0.487,3,,,,,
,,,,,,,,,,,2,0.352,0.444,3,,,,,
,,,,,,,,,,,3,0.627,0.506,3,,,,,
,,,,,,,,,,,4,0.126,0.312,2,,,,,
,,,,,,,,,,,5,0.752,0.401,3,,,,,
,,,,,,,,,,,6,0.367,0.489,3,,,,,
,,,,,,,,,,,7,0.218,0.501,3,,,,,
,,,,,,,,,,,8,0.892,0.451,3,,,,,
,,,,,,,,,,,9,0.091,0.265,2,,,,,
B16,20,2,0.10,0.50,0.45,3.00,1.00,0.00,0.00,1.00,1,0.58,0.445,3,,,,,
,,,,,,,,,,,2,0.416,0.45,3,,,,,
C09,18,10,0.56,0.42,0.44,2.90,0.90,0.10,0.00,4.22,1,0.901,0.441,3,,,,,
,,,,,,,,,,,2,0.174,0.458,3,,,,,
,,,,,,,,,,,3,0.396,0.441,3,,,,,
,,,,,,,,,,,4,0.444,0.442,3,,,,,
,,,,,,,,,,,5,0.223,0.43,3,,,,,
,,,,,,,,,,,6,0.417,0.465,3,,,,,
,,,,,,,,,,,7,0.319,0.437,3,,,,,
,,,,,,,,,,,8,0.684,0.467,3,,,,,
,,,,,,,,,,,9,0.319,0.396,2,,,,,
,,,,,,,,,,,10,0.338,0.468,3,,,,,
C13,20,8,0.40,0.20,0.44,2.88,0.88,0.13,0.00,1.62,1,0.123,0.451,3,,,,,
,,,,,,,,,,,2,0.101,0.267,2,,,,,
,,,,,,,,,,,3,0.142,0.481,3,,,,,
,,,,,,,,,,,4,0.411,0.462,3,,,,,
,,,,,,,,,,,5,0.16,0.462,3,,,,,
,,,,,,,,,,,6,0.175,0.423,3,,,,,
,,,,,,,,,,,7,0.198,0.464,3,,,,,
,,,,,,,,,,,8,0.313,0.479,3,,,,,
C15,20,11,0.55,0.21,0.45,2.91,0.91,0.09,0.00,2.33,1,0.23,0.466,3,,,,,
,,,,,,,,,,,2,0.221,0.458,3,,,,,
,,,,,,,,,,,3,0.185,0.452,3,,,,,
,,,,,,,,,,,4,0.215,0.504,3,,,,,
,,,,,,,,,,,5,0.215,0.449,3,,,,,
,,,,,,,,,,,6,0.242,0.434,3,,,,,
,,,,,,,,,,,7,0.235,0.427,3,,,,,
,,,,,,,,,,,8,0.289,0.466,3,,,,,
,,,,,,,,,,,9,0.104,0.4,2,,,,,
,,,,,,,,,,,10,0.232,0.429,3,,,,,
,,,,,,,,,,,11,0.158,0.466,3,,,,,
C16,19,8,0.42,0.23,0.43,2.63,0.63,0.38,0.00,1.85,1,0.274,0.468,3,,,,,
,,,,,,,,,,,2,0.3,0.48,3,,,,,
,,,,,,,,,,,3,0.233,0.386,2,,,,,
,,,,,,,,,,,4,0.058,0.296,2,,,,,
,,,,,,,,,,,5,0.268,0.49,3,,,,,
,,,,,,,,,,,6,0.298,0.528,3,,,,,
,,,,,,,,,,,7,0.147,0.307,2,,,,,
,,,,,,,,,,,8,0.268,0.482,3,,,,,
D09,18,4,0.22,0.47,0.50,3.00,1.00,0.00,0.00,1.89,1,0.284,0.495,3,,,,,
,,,,,,,,,,,2,1.037,0.517,3,,,,,
,,,,,,,,,,,3,0.346,0.493,3,,,,,
,,,,,,,,,,,4,0.227,0.501,3,,,,,
D13,19,3,0.16,0.21,0.48,3.00,1.00,0.00,0.00,0.64,1,0.163,0.501,3,,,,,
,,,,,,,,,,,2,0.219,0.485,3,,,,,
,,,,,,,,,,,3,0.259,0.463,3,,,,,
D15,18,2,0.11,0.25,0.40,2.50,0.50,0.50,0.00,0.50,1,0.14,0.312,2,,,,,
,,,,,,,,,,,2,0.36,0.483,3,,,,,
D16,20,3,0.15,0.66,0.47,3.00,1.00,0.00,0.00,1.97,1,0.562,0.479,3,,,,,
,,,,,,,,,,,2,0.887,0.465,3,,,,,
,,,,,,,,,,,3,0.518,0.467,3,,,,,
E09,20,3,0.15,0.23,0.41,2.67,0.67,0.33,0.00,0.70,1,0.122,0.301,2,,,,,
,,,,,,,,,,,2,0.359,0.467,3,,,,,
,,,,,,,,,,,3,0.221,0.449,3,,,,,
E10,20,11,0.55,0.36,0.39,2.55,0.55,0.45,0.00,3.93,1,0.148,0.311,2,,,,,
,,,,,,,,,,,2,0.129,0.289,2,,,,,
,,,,,,,,,,,3,0.208,0.268,2,,,,,
,,,,,,,,,,,4,0.373,0.448,3,,,,,
,,,,,,,,,,,5,1.251,0.507,3,,,,,
,,,,,,,,,,,6,0.266,0.467,3,,,,,
,,,,,,,,,,,7,0.313,0.498,3,,,,,
,,,,,,,,,,,8,0.297,0.456,3,,,,,
,,,,,,,,,,,9,0.681,0.484,3,,,,,
,,,,,,,,,,,10,0.141,0.332,2,,,,,
,,,,,,,,,,,11,0.118,0.28,2,,,,,
E13,20,3,0.15,0.21,0.37,2.67,0.67,0.33,0.00,0.63,1,0.21,0.299,2,,,,,
,,,,,,,,,,,2,0.213,0.403,3,,,,,
,,,,,,,,,,,3,0.208,0.407,3,,,,,
E15,20,8,0.40,0.46,0.44,2.75,0.75,0.25,0.00,3.68,1,0.444,0.479,3,,,,,
,,,,,,,,,,,2,0.753,0.474,3,,,,,
,,,,,,,,,,,3,0.384,0.441,3,,,,,
,,,,,,,,,,,4,0.699,0.495,3,,,,,
,,,,,,,,,,,5,0.257,0.494,3,,,,,
,,,,,,,,,,,6,0.618,0.4,2,,,,,
,,,,,,,,,,,7,0.307,0.434,3,,,,,
,,,,,,,,,,,8,0.217,0.298,2,,,,,
F09,20,5,0.25,0.14,0.35,2.40,0.40,0.60,0.00,0.68,1,0.106,0.433,3,,,,,
,,,,,,,,,,,2,0.226,0.417,3,,,,,
,,,,,,,,,,,3,0.157,0.292,2,,,,,
,,,,,,,,,,,4,0.099,0.318,2,,,,,
,,,,,,,,,,,5,0.095,0.284,2,,,,,
F12,19,6,0.32,0.17,0.37,2.50,0.50,0.50,0.00,1.05,1,0.496,0.434,3,,,,,
,,,,,,,,,,,2,0.162,0.321,2,,,,,
,,,,,,,,,,,3,0,0.293,2,,,,,
,,,,,,,,,,,4,0.144,0.427,3,,,,,
,,,,,,,,,,,5,0.19,0.467,3,,,,,
,,,,,,,,,,,6,0.054,0.275,2,,,,,
F15,19,5,0.26,0.24,0.38,2.40,0.40,0.60,0.00,1.21,1,0.363,0.374,2,,,,,
,,,,,,,,,,,2,0.185,0.303,2,,,,,
,,,,,,,,,,,3,0.215,0.45,3,,,,,
,,,,,,,,,,,4,0.265,0.5,3,,,,,
,,,,,,,,,,,5,0.181,0.283,2,,,,,
F16,20,9,0.45,0.26,0.41,2.67,0.67,0.33,0.00,2.38,1,0.429,0.478,3,,,,,
,,,,,,,,,,,2,0.385,0.468,3,,,,,
,,,,,,,,,,,3,0.185,0.432,3,,,,,
,,,,,,,,,,,4,0.444,0.466,3,,,,,
,,,,,,,,,,,5,0.245,0.465,3,,,,,
,,,,,,,,,,,6,0.206,0.427,3,,,,,
,,,,,,,,,,,7,0.15,0.341,2,,,,,
,,,,,,,,,,,8,0.107,0.332,2,,,,,
,,,,,,,,,,,9,0.229,0.293,2,,,,,
G10,20,3,0.15,0.15,0.33,2.33,0.33,0.67,0.00,0.45,1,0.211,0.281,2,,,,,
,,,,,,,,,,,2,0.119,0.423,3,,,,,
,,,,,,,,,,,3,0.115,0.288,2,,,,,
G11,18,6,0.33,0.24,0.38,2.50,0.50,0.50,0.00,1.43,1,0.212,0.309,2,,,,,
,,,,,,,,,,,2,0.125,0.301,2,,,,,
,,,,,,,,,,,3,0.449,0.436,3,,,,,
,,,,,,,,,,,4,0.349,0.441,3,,,,,
,,,,,,,,,,,5,0.104,0.313,2,,,,,
,,,,,,,,,,,6,0.194,0.465,3,,,,,
G13,20,1,0.05,0.124,0.31,2.00,0.00,1.00,0.00,0.12,1,0.124,0.305,2,,,,,
G16,20,0,0.00,NA,NA,NA,NA,NA,NA,NA,NA,NA,NA,NA,,,,,
H11,20,3,0.15,0.41,0.47,3.00,1.00,0.00,0.00,1.24,1,0.668,0.5,3,,,,,
,,,,,,,,,,,2,0.384,0.471,3,,,,,
,,,,,,,,,,,3,0.185,0.446,3,,,,,
H14,20,0,0.00,NA,NA,NA,NA,NA,NA,NA,NA,NA,NA,NA,,,,,
H15,17,4,0.24,0.24,0.40,2.75,0.75,0.25,0.00,0.95,1,0.334,0.408,3,,,,,
,,,,,,,,,,,2,0.213,0.432,3,,,,,
,,,,,,,,,,,3,NA,0.312,2,,,,,
,,,,,,,,,,,4,0.165,0.466,3,,,,,
H16,16,3,0.19,0.29,0.47,3.00,1.00,0.00,0.00,0.86,1,0.136,0.437,3,,,,,
,,,,,,,,,,,2,0.189,0.502,3,,,,,
,,,,,,,,,,,3,0.534,0.482,3,,,,,
I11,20,3,0.15,0.17,0.39,2.67,0.67,0.33,0.00,0.50,1,0.104,0.426,3,,,,,
,,,,,,,,,,,2,0.194,0.42,3,,,,,
,,,,,,,,,,,3,0.198,0.327,2,,,,,
I13,20,8,0.40,0.37,0.43,2.88,0.88,0.13,0.00,2.99,1,0.182,0.427,3,,,,,
,,,,,,,,,,,2,0.217,0.256,2,,,,,
,,,,,,,,,,,3,0.23,0.429,3,,,,,
,,,,,,,,,,,4,0.142,0.441,3,,,,,
,,,,,,,,,,,5,0.28,0.444,3,,,,,
,,,,,,,,,,,6,0.235,0.48,3,,,,,
,,,,,,,,,,,7,0.383,0.452,3,,,,,
,,,,,,,,,,,8,1.318,0.487,3,,,,,
I15,20,11,0.55,0.18,0.38,2.45,0.45,0.55,0.00,2.03,1,0.097,0.309,2,,,,,
,,,,,,,,,,,2,0.126,0.309,2,,,,,
,,,,,,,,,,,3,0.534,0.371,2,,,,,
,,,,,,,,,,,4,0.202,0.484,3,,,,,
,,,,,,,,,,,5,0.193,0.457,3,,,,,
,,,,,,,,,,,6,0.249,0.466,3,,,,,
,,,,,,,,,,,7,0.103,0.281,2,,,,,
,,,,,,,,,,,8,0.075,0.292,2,,,,,
,,,,,,,,,,,9,0.176,0.432,3,,,,,
,,,,,,,,,,,10,0.197,0.501,3,,,,,
,,,,,,,,,,,11,0.08,0.282,2,,,,,
I16,16,6,0.38,0.24,0.41,2.67,0.67,0.33,0.00,1.43,1,0.159,0.437,3,,,,,
,,,,,,,,,,,2,0.519,0.49,3,,,,,
,,,,,,,,,,,3,0.245,0.482,3,,,,,
,,,,,,,,,,,4,0.22,0.423,3,,,,,
,,,,,,,,,,,5,0.207,0.339,2,,,,,
,,,,,,,,,,,6,0.076,0.287,2,,,,,
J10,18,2,0.11,0.31,0.47,3.00,1.00,0.00,0.00,0.62,1,0.175,0.473,3,,,,,
,,,,,,,,,,,2,0.446,0.476,3,,,,,
J11,20,4,0.20,0.37,0.40,2.75,0.75,0.25,0.00,1.50,1,0.185,0.267,2,,,,,
,,,,,,,,,,,2,0.164,0.458,3,,,,,
,,,,,,,,,,,3,1.033,0.478,3,,,,,
,,,,,,,,,,,4,0.114,0.415,3,,,,,
J12,15,9,0.60,0.42,0.43,2.78,0.78,0.22,0.00,3.75,1,0.101,0.299,2,,,,,
,,,,,,,,,,,2,0.249,0.479,3,,,,,
,,,,,,,,,,,3,0.473,0.446,3,,,,,
,,,,,,,,,,,4,0.429,0.473,3,,,,,
,,,,,,,,,,,5,0.585,0.456,3,,,,,
,,,,,,,,,,,6,0.705,0.463,3,,,,,
,,,,,,,,,,,7,0.354,0.458,3,,,,,
,,,,,,,,,,,8,0.511,0.471,3,,,,,
,,,,,,,,,,,9,0.338,0.299,2,,,,,
J13,20,7,0.35,0.22,0.41,2.71,0.71,0.29,0.00,1.54,1,0.053,0.314,2,,,,,
,,,,,,,,,,,2,0.106,0.435,3,,,,,
,,,,,,,,,,,3,0.339,0.513,3,,,,,
,,,,,,,,,,,4,0.174,0.411,3,,,,,
,,,,,,,,,,,5,0.496,0.442,3,,,,,
,,,,,,,,,,,6,0.286,0.475,3,,,,,
,,,,,,,,,,,7,0.086,0.274,2,,,,,
K09,19,2,0.11,0.35,0.49,3.00,1.00,0.00,0.00,0.70,1,0.416,0.465,3,,,,,
,,,,,,,,,,,2,0.284,0.524,3,,,,,
K11,19,6,0.32,0.26,0.38,2.50,0.50,0.50,0.00,1.57,1,0.378,0.443,3,,,,,
,,,,,,,,,,,2,0.178,0.304,2,,,,,
,,,,,,,,,,,3,0.119,0.308,2,,,,,
,,,,,,,,,,,4,0.263,0.439,3,,,,,
,,,,,,,,,,,5,0.069,0.314,2,,,,,
,,,,,,,,,,,6,0.561,0.494,3,,,,,
K14,20,3,0.15,0.25,0.42,2.67,0.67,0.33,0.00,0.74,1,0.262,0.461,3,,,,,
,,,,,,,,,,,2,0.384,0.517,3,,,,,
,,,,,,,,,,,3,0.093,0.28,2,,,,,
K15,20,3,0.15,0.20,0.44,2.67,0.67,0.33,0.00,0.61,1,0.256,0.499,3,,,,,
,,,,,,,,,,,2,0.219,0.49,3,,,,,
,,,,,,,,,,,3,0.139,0.327,2,,,,,
L09,20,6,0.30,0.22,0.44,2.83,0.83,0.17,0.00,1.30,1,0.152,0.434,3,,,,,
,,,,,,,,,,,2,0.157,0.417,3,,,,,
,,,,,,,,,,,3,0.108,0.466,3,,,,,
,,,,,,,,,,,4,0.263,0.492,3,,,,,
,,,,,,,,,,,5,0.506,0.482,3,,,,,
,,,,,,,,,,,6,0.118,0.334,2,,,,,
L11,20,6,0.30,0.19,0.41,2.60,0.60,0.40,0.00,1.15,1,0.143,0.411,3,,,,,
,,,,,,,,,,,2,0.023,NA,NA,,,,,
,,,,,,,,,,,3,0.194,0.491,3,,,,,
,,,,,,,,,,,4,0.083,0.284,2,,,,,
,,,,,,,,,,,5,0.16,0.4,2,,,,,
,,,,,,,,,,,6,0.544,0.469,3,,,,,
L12,20,5,0.25,0.13,0.36,2.40,0.40,0.60,0.00,0.63,1,0.09,0.303,2,,,,,
,,,,,,,,,,,2,0.073,0.308,2,,,,,
,,,,,,,,,,,3,0.138,0.448,3,,,,,
,,,,,,,,,,,4,0.196,0.306,2,,,,,
,,,,,,,,,,,5,0.134,0.452,3,,,,,
L16,20,2,0.10,0.33,0.46,3.00,1.00,0.00,0.00,0.66,1,0.466,0.496,3,,,,,
,,,,,,,,,,,2,0.198,0.432,3,,,,,
A20,20,5,0.25,0.35,0.43,2.60,0.60,0.40,0.00,1.76,1,0.844,0.442,3,,,,,
,,,,,,,,,,,2,0.094,0.303,2,,,,,
,,,,,,,,,,,3,0.323,0.517,3,,,,,
,,,,,,,,,,,4,0.263,0.391,2,,,,,
,,,,,,,,,,,5,0.234,0.503,3,,,,,
A21,20,6,0.30,0.33,0.39,2.50,0.50,0.50,0.00,1.96,1,0.068,0.284,2,,,,,
,,,,,,,,,,,2,0.067,0.316,2,,,,,
,,,,,,,,,,,3,1.049,0.476,3,,,,,
,,,,,,,,,,,4,0.508,0.439,3,,,,,
,,,,,,,,,,,5,0.093,0.314,2,,,,,
,,,,,,,,,,,6,0.17,0.522,3,,,,,
A23,20,7,0.35,0.38,0.44,2.86,0.86,0.14,0.00,2.67,1,0.566,0.525,3,,,,,
,,,,,,,,,,,2,0.295,0.446,3,,,,,
,,,,,,,,,,,3,0.575,0.453,3,,,,,
,,,,,,,,,,,4,0.386,0.501,3,,,,,
,,,,,,,,,,,5,0.161,0.282,2,,,,,
,,,,,,,,,,,6,0.389,0.461,3,,,,,
,,,,,,,,,,,7,0.295,0.441,3,,,,,
A24,20,1,0.05,1.13,0.46,3.00,1.00,0.00,0.00,1.13,1,1.13,0.455,3,,,,,
B17,20,2,0.10,0.59,0.48,3.00,1.00,0.00,0.00,1.19,1,0.437,0.482,3,,,,,
,,,,,,,,,,,2,0.749,0.475,3,,,,,
B18,20,9,0.45,0.40,0.44,2.78,0.78,0.22,0.00,3.62,1,0.807,0.486,3,,,,,
,,,,,,,,,,,2,0.568,0.524,3,,,,,
,,,,,,,,,,,3,0.389,0.438,3,,,,,
,,,,,,,,,,,4,0.06,0.328,2,,,,,
,,,,,,,,,,,5,0.095,0.282,2,,,,,
,,,,,,,,,,,6,0.357,0.457,3,,,,,
,,,,,,,,,,,7,0.404,0.474,3,,,,,
,,,,,,,,,,,8,0.632,0.477,3,,,,,
,,,,,,,,,,,9,0.309,0.469,3,,,,,
B23,19,11,0.58,1.03,0.47,3.00,1.00,0.00,0.00,11.29,1,0.542,0.476,3,,,,,
,,,,,,,,,,,2,1.083,0.476,3,,,,,
,,,,,,,,,,,3,1.895,0.483,3,,,,,
,,,,,,,,,,,4,1.218,0.408,3,,,,,
,,,,,,,,,,,5,0.594,0.508,3,,,,,
,,,,,,,,,,,6,0.762,0.44,3,,,,,
,,,,,,,,,,,7,1.107,0.484,3,,,,,
,,,,,,,,,,,8,0.844,0.49,3,,,,,
,,,,,,,,,,,9,0.686,0.451,3,,,,,
,,,,,,,,,,,10,1.62,0.492,3,,,,,
,,,,,,,,,,,11,0.942,0.494,3,,,,,
B24,20,6,0.30,0.27,0.37,2.33,0.33,0.67,0.00,1.64,1,0.075,0.302,2,,,,,
,,,,,,,,,,,2,0.627,0.472,3,,,,,
,,,,,,,,,,,3,0.12,0.322,2,,,,,
,,,,,,,,,,,4,0.119,0.33,2,,,,,
,,,,,,,,,,,5,0.136,0.276,2,,,,,
,,,,,,,,,,,6,0.563,0.494,3,,,,,
C18,20,9,0.45,0.30,0.40,2.44,0.56,0.33,0.11,2.71,1,0.321,0.506,3,,,,,
,,,,,,,,,,,2,0.084,0.317,2,,,,,
,,,,,,,,,,,3,0.594,0.487,3,,,,,
,,,,,,,,,,,4,0.441,0.471,3,,,,,
,,,,,,,,,,,5,0.074,0.246,1,,,,,
,,,,,,,,,,,6,0.562,0.468,3,,,,,
,,,,,,,,,,,7,0.413,0.487,3,,,,,
,,,,,,,,,,,8,0.055,0.319,2,,,,,
,,,,,,,,,,,9,0.161,0.308,2,,,,,
C19,20,8,0.40,0.35,0.42,2.75,0.75,0.25,0.00,2.77,1,0.018,0.283,2,,,,,
,,,,,,,,,,,2,0.63,0.462,3,,,,,
,,,,,,,,,,,3,0.396,0.466,3,,,,,
,,,,,,,,,,,4,0.553,0.452,3,,,,,
,,,,,,,,,,,5,0.073,0.299,2,,,,,
,,,,,,,,,,,6,0.687,0.475,3,,,,,
,,,,,,,,,,,7,0.101,0.471,3,,,,,
,,,,,,,,,,,8,0.309,0.453,3,,,,,
C20,20,6,0.30,0.27,0.38,2.50,0.50,0.50,0.00,1.62,1,0.66,0.488,3,,,,,
,,,,,,,,,,,2,0.238,0.467,3,,,,,
,,,,,,,,,,,3,0.237,0.319,2,,,,,
,,,,,,,,,,,4,0.229,0.456,3,,,,,
,,,,,,,,,,,5,0.101,0.29,2,,,,,
,,,,,,,,,,,6,0.151,0.286,2,,,,,
C22,20,6,0.30,0.40,0.39,2.67,0.67,0.33,0.00,2.39,1,0.355,0.438,3,,,,,
,,,,,,,,,,,2,0.623,0.452,3,,,,,
,,,,,,,,,,,3,0.061,0.287,2,,,,,
,,,,,,,,,,,4,0.043,0.273,2,,,,,
,,,,,,,,,,,5,0.934,0.468,3,,,,,
,,,,,,,,,,,6,0.372,0.437,3,,,,,
D19,20,3,0.15,0.68,0.45,3.00,1.00,0.00,0.00,2.04,1,0.725,0.409,3,,,,,
,,,,,,,,,,,2,0.516,0.439,3,,,,,
,,,,,,,,,,,3,0.795,0.49,3,,,,,
D20,20,6,0.30,0.49,0.40,2.67,0.67,0.33,0.00,2.94,1,0.736,0.45,3,,,,,
,,,,,,,,,,,2,1.041,0.515,3,,,,,
,,,,,,,,,,,3,0.122,0.26,2,,,,,
,,,,,,,,,,,4,0.116,0.309,2,,,,,
,,,,,,,,,,,5,0.514,0.431,3,,,,,
,,,,,,,,,,,6,0.415,0.462,3,,,,,
D21,19,9,0.47,0.64,0.44,2.78,0.78,0.22,0.00,5.79,1,1.031,0.453,3,,,,,
,,,,,,,,,,,2,0.666,0.455,3,,,,,
,,,,,,,,,,,3,0.187,0.304,2,,,,,
,,,,,,,,,,,4,0.355,0.463,3,,,,,
,,,,,,,,,,,5,0.718,0.447,3,,,,,
,,,,,,,,,,,6,0.104,0.314,2,,,,,
,,,,,,,,,,,7,0.673,0.496,3,,,,,
,,,,,,,,,,,8,1.123,0.506,3,,,,,
,,,,,,,,,,,9,0.935,0.488,3,,,,,
D22,20,9,0.45,0.20,0.37,2.33,0.33,0.67,0.00,1.82,1,0.422,0.48,3,,,,,
,,,,,,,,,,,2,0.203,0.311,2,,,,,
,,,,,,,,,,,3,0.036,0.311,2,,,,,
,,,,,,,,,,,4,0.083,0.335,2,,,,,
,,,,,,,,,,,5,0.101,0.37,2,,,,,
,,,,,,,,,,,6,0.432,0.498,3,,,,,
,,,,,,,,,,,7,0.268,0.446,3,,,,,
,,,,,,,,,,,8,0.231,0.32,2,,,,,
,,,,,,,,,,,9,0.046,0.271,2,,,,,
E17,20,8,0.40,0.60,0.48,3.00,1.00,0.00,0.00,4.81,1,0.632,0.458,3,,,,,
,,,,,,,,,,,2,0.289,0.471,3,,,,,
,,,,,,,,,,,3,0.881,0.484,3,,,,,
,,,,,,,,,,,4,0.741,0.517,3,,,,,
,,,,,,,,,,,5,0.452,0.402,3,,,,,
,,,,,,,,,,,6,0.594,0.492,3,,,,,
,,,,,,,,,,,7,0.586,0.488,3,,,,,
,,,,,,,,,,,8,0.637,0.514,3,,,,,
E18,20,1,0.05,0.49,0.49,3.00,1.00,0.00,0.00,0.49,1,0.485,0.486,3,,,,,
E21,20,8,0.40,0.44,0.48,3.00,1.00,0.00,0.00,3.53,1,0.463,0.53,3,,,,,
,,,,,,,,,,,2,0.3,0.512,3,,,,,
,,,,,,,,,,,3,0.392,0.477,3,,,,,
,,,,,,,,,,,4,0.166,0.414,3,,,,,
,,,,,,,,,,,5,0.508,0.493,3,,,,,
,,,,,,,,,,,6,0.847,0.497,3,,,,,
,,,,,,,,,,,7,0.281,0.501,3,,,,,
,,,,,,,,,,,8,0.576,0.452,3,,,,,
E22,20,14,0.70,0.84,0.50,2.93,0.93,0.07,0.00,11.80,1,0.45,0.483,3,,,,,
,,,,,,,,,,,2,0.21,0.313,2,,,,,
,,,,,,,,,,,3,0.849,0.516,3,,,,,
,,,,,,,,,,,4,0.844,0.517,3,,,,,
,,,,,,,,,,,5,1.306,0.491,3,,,,,
,,,,,,,,,,,6,0.683,0.495,3,,,,,
,,,,,,,,,,,7,0.63,0.533,3,,,,,
,,,,,,,,,,,8,1.173,0.49,3,,,,,
,,,,,,,,,,,9,1.601,0.51,3,,,,,
,,,,,,,,,,,10,0.878,0.487,3,,,,,
,,,,,,,,,,,11,0.773,0.573,3,,,,,
,,,,,,,,,,,12,0.893,0.531,3,,,,,
,,,,,,,,,,,13,0.518,0.504,3,,,,,
,,,,,,,,,,,14,0.987,0.508,3,,,,,
F17,20,13,0.65,0.71,0.48,2.92,0.92,0.08,0.00,9.18,1,1.101,0.474,3,,,,,
,,,,,,,,,,,2,0.987,0.493,3,,,,,
,,,,,,,,,,,3,0.57,0.5,3,,,,,
,,,,,,,,,,,4,1.284,0.531,3,,,,,
,,,,,,,,,,,5,0.904,0.513,3,,,,,
,,,,,,,,,,,6,0.918,0.495,3,,,,,
,,,,,,,,,,,7,0.773,0.494,3,,,,,
,,,,,,,,,,,8,0.641,0.484,3,,,,,
,,,,,,,,,,,9,0.219,0.516,3,,,,,
,,,,,,,,,,,10,0.69,0.446,3,,,,,
,,,,,,,,,,,11,0.639,0.499,3,,,,,
,,,,,,,,,,,12,0.115,0.3,2,,,,,
,,,,,,,,,,,13,0.337,0.489,3,,,,,
F20,20,1,0.05,0.17,0.32,2.00,0.00,1.00,0.00,0.17,1,0.169,0.321,2,,,,,
F21,20,8,0.40,0.56,0.49,3.00,1.00,0.00,0.00,4.45,1,0.312,0.469,3,,,,,
,,,,,,,,,,,2,0.516,0.483,3,,,,,
,,,,,,,,,,,3,0.774,0.499,3,,,,,
,,,,,,,,,,,4,0.813,0.529,3,,,,,
,,,,,,,,,,,5,0.867,0.465,3,,,,,
,,,,,,,,,,,6,0.638,0.526,3,,,,,
,,,,,,,,,,,7,0.186,0.472,3,,,,,
,,,,,,,,,,,8,0.342,0.513,3,,,,,
F23,20,6,0.30,0.35,0.45,2.67,0.67,0.33,0.00,2.09,1,0.481,0.52,3,,,,,
,,,,,,,,,,,2,0.347,0.512,3,,,,,
,,,,,,,,,,,3,0.768,0.524,3,,,,,
,,,,,,,,,,,4,0.116,0.331,2,,,,,
,,,,,,,,,,,5,0.059,0.289,2,,,,,
,,,,,,,,,,,6,0.317,0.521,3,,,,,
G17,20,12,0.60,0.21,0.43,2.67,0.67,0.33,0.00,2.56,1,0.523,0.524,3,,,,,
,,,,,,,,,,,2,0.074,0.33,2,,,,,
,,,,,,,,,,,3,0.36,0.494,3,,,,,
,,,,,,,,,,,4,0.198,0.469,3,,,,,
,,,,,,,,,,,5,0.118,0.318,2,,,,,
,,,,,,,,,,,6,0.149,0.466,3,,,,,
,,,,,,,,,,,7,0.065,0.31,2,,,,,
,,,,,,,,,,,8,0.285,0.529,3,,,,,
,,,,,,,,,,,9,0.152,0.437,3,,,,,
,,,,,,,,,,,10,0.307,0.466,3,,,,,
,,,,,,,,,,,11,0.025,0.292,2,,,,,
,,,,,,,,,,,12,0.304,0.5,3,,,,,
G18,18,9,0.50,0.15,0.35,2.22,0.33,0.56,0.11,1.35,1,0.041,0.321,2,,,,,
,,,,,,,,,,,2,0.096,0.304,2,,,,,
,,,,,,,,,,,3,0.333,0.464,3,,,,,
,,,,,,,,,,,4,0.204,0.411,3,,,,,
,,,,,,,,,,,5,0.519,0.511,3,,,,,
,,,,,,,,,,,6,0.026,0.323,2,,,,,
,,,,,,,,,,,7,0.071,0.301,2,,,,,
,,,,,,,,,,,8,0.036,0.299,2,,,,,
,,,,,,,,,,,9,0.019,0.22,1,,,,,
G19,20,10,0.50,0.22,0.38,2.50,0.50,0.50,0.00,2.20,1,0.097,0.345,2,,,,,
,,,,,,,,,,,2,0.061,0.308,2,,,,,
,,,,,,,,,,,3,0.041,0.294,2,,,,,
,,,,,,,,,,,4,0.354,0.467,3,,,,,
,,,,,,,,,,,5,0.405,0.485,3,,,,,
,,,,,,,,,,,6,0.027,0.297,2,,,,,
,,,,,,,,,,,7,0.156,0.417,3,,,,,
,,,,,,,,,,,8,0.635,0.492,3,,,,,
,,,,,,,,,,,9,0.084,0.297,2,,,,,
,,,,,,,,,,,10,0.339,0.447,3,,,,,
G21,20,5,0.25,0.21,0.40,2.60,0.60,0.40,0.00,1.03,1,0.041,0.299,2,,,,,
,,,,,,,,,,,2,0.481,0.482,3,,,,,
,,,,,,,,,,,3,0.029,0.321,2,,,,,
,,,,,,,,,,,4,0.222,0.411,3,,,,,
,,,,,,,,,,,5,0.254,0.469,3,,,,,
H17,20,8,0.40,0.38,0.44,2.75,0.75,0.25,0.00,3.06,1,0.597,0.523,3,,,,,
,,,,,,,,,,,2,0.32,0.491,3,,,,,
,,,,,,,,,,,3,0.054,0.304,2,,,,,
,,,,,,,,,,,4,0.307,0.48,3,,,,,
,,,,,,,,,,,5,0.667,0.481,3,,,,,
,,,,,,,,,,,6,0.049,0.282,2,,,,,
,,,,,,,,,,,7,0.251,0.493,3,,,,,
,,,,,,,,,,,8,0.815,0.502,3,,,,,
H18,20,11,0.55,0.33,0.41,2.55,0.55,0.45,0.00,3.65,1,0.291,0.431,3,,,,,
,,,,,,,,,,,2,0.181,0.307,2,,,,,
,,,,,,,,,,,3,0.235,0.346,2,,,,,
,,,,,,,,,,,4,0.496,0.523,3,,,,,
,,,,,,,,,,,5,0.162,0.286,2,,,,,
,,,,,,,,,,,6,0.406,0.416,3,,,,,
,,,,,,,,,,,7,0.212,0.341,2,,,,,
,,,,,,,,,,,8,0.222,0.483,3,,,,,
,,,,,,,,,,,9,0.054,0.314,2,,,,,
,,,,,,,,,,,10,1.101,0.507,3,,,,,
,,,,,,,,,,,11,0.291,0.519,3,,,,,
H19,19,8,0.42,0.68,0.48,2.88,0.88,0.13,0.00,5.40,1,0.733,0.457,3,,,,,
,,,,,,,,,,,2,0.863,0.355,2,,,,,
,,,,,,,,,,,3,0.987,0.532,3,,,,,
,,,,,,,,,,,4,0.635,0.503,3,,,,,
,,,,,,,,,,,5,0.319,0.485,3,,,,,
,,,,,,,,,,,6,0.632,0.488,3,,,,,
,,,,,,,,,,,7,0.554,0.526,3,,,,,
,,,,,,,,,,,8,0.677,0.463,3,,,,,
H21,18,17,0.94,0.60,0.46,2.88,0.88,0.12,0.00,10.23,1,0.799,0.53,3,,,,,
,,,,,,,,,,,2,0.791,0.481,3,,,,,
,,,,,,,,,,,3,1.526,0.525,3,,,,,
,,,,,,,,,,,4,0.422,0.467,3,,,,,
,,,,,,,,,,,5,0.608,0.485,3,,,,,
,,,,,,,,,,,6,0.28,0.445,3,,,,,
,,,,,,,,,,,7,0.113,0.312,2,,,,,
,,,,,,,,,,,8,0.223,0.523,3,,,,,
,,,,,,,,,,,9,1.109,0.48,3,,,,,
,,,,,,,,,,,10,0.354,0.463,3,,,,,
,,,,,,,,,,,11,0.979,0.473,3,,,,,
,,,,,,,,,,,12,1.056,0.477,3,,,,,
,,,,,,,,,,,13,0.533,0.493,3,,,,,
,,,,,,,,,,,14,0.094,0.33,2,,,,,
,,,,,,,,,,,15,0.531,0.473,3,,,,,
,,,,,,,,,,,16,0.195,0.45,3,,,,,
,,,,,,,,,,,17,0.618,0.476,3,,,,,
I18,17,7,0.41,0.58,0.48,3.00,1.00,0.00,0.00,4.05,1,0.081,0.425,3,,,,,
,,,,,,,,,,,2,0.445,0.502,3,,,,,
,,,,,,,,,,,3,0.502,0.468,3,,,,,
,,,,,,,,,,,4,0.944,0.53,3,,,,,
,,,,,,,,,,,5,0.351,0.474,3,,,,,
,,,,,,,,,,,6,1.306,0.52,3,,,,,
,,,,,,,,,,,7,0.416,0.455,3,,,,,
I20,20,2,0.10,1.14,0.51,3.00,1.00,0.00,0.00,2.28,1,0.823,0.526,3,,,,,
,,,,,,,,,,,2,1.453,0.488,3,,,,,
I22,18,6,0.33,0.66,0.47,3.00,1.00,0.00,0.00,3.96,1,0.289,0.493,3,,,,,
,,,,,,,,,,,2,0.428,0.448,3,,,,,
,,,,,,,,,,,3,0.829,0.52,3,,,,,
,,,,,,,,,,,4,0.632,0.424,3,,,,,
,,,,,,,,,,,5,0.672,0.481,3,,,,,
,,,,,,,,,,,6,1.105,0.461,3,,,,,
I23,20,4,0.20,0.94,0.50,3.00,1.00,0.00,0.00,3.74,1,1.196,0.562,3,,,,,
,,,,,,,,,,,2,0.847,0.486,3,,,,,
,,,,,,,,,,,3,0.372,0.471,3,,,,,
,,,,,,,,,,,4,1.328,0.48,3,,,,,
J19,20,11,0.55,0.29,0.41,2.45,0.45,0.55,0.00,3.23,1,0.256,0.377,2,,,,,
,,,,,,,,,,,2,0.054,0.309,2,,,,,
,,,,,,,,,,,3,0.07,0.32,2,,,,,
,,,,,,,,,,,4,0.072,0.32,2,,,,,
,,,,,,,,,,,5,0.601,0.469,3,,,,,
,,,,,,,,,,,6,0.233,0.378,2,,,,,
,,,,,,,,,,,7,0.138,0.483,3,,,,,
,,,,,,,,,,,8,0.208,0.314,2,,,,,
,,,,,,,,,,,9,0.533,0.525,3,,,,,
,,,,,,,,,,,10,0.614,0.477,3,,,,,
,,,,,,,,,,,11,0.447,0.487,3,,,,,
J20,20,6,0.30,0.66,0.47,2.83,0.83,0.17,0.00,3.99,1,1.352,0.511,3,,,,,
,,,,,,,,,,,2,0.648,0.446,3,,,,,
,,,,,,,,,,,3,0.517,0.472,3,,,,,
,,,,,,,,,,,4,0.522,0.509,3,,,,,
,,,,,,,,,,,5,0.298,0.392,2,,,,,
,,,,,,,,,,,6,0.651,0.47,3,,,,,
J22,20,6,0.30,0.35,0.48,3.00,1.00,0.00,0.00,2.09,1,0.442,0.493,3,,,,,
,,,,,,,,,,,2,0.131,0.499,3,,,,,
,,,,,,,,,,,3,0.365,0.475,3,,,,,
,,,,,,,,,,,4,0.357,0.46,3,,,,,
,,,,,,,,,,,5,0.553,0.489,3,,,,,
,,,,,,,,,,,6,0.24,0.476,3,,,,,
J23,20,9,0.45,0.397111111,0.43,2.67,0.67,0.33,0.00,3.574,1,,0.483,3,,,,,
,,,,,,,,,,,2,,0.454,3,,,,,
,,,,,,,,,,,3,,0.498,3,,,,,
,,,,,,,,,,,4,,0.533,3,,,,,
,,,,,,,,,,,5,,0.502,3,,,,,
,,,,,,,,,,,6,,0.513,3,,,,,
,,,,,,,,,,,7,,0.313,2,,,,,
,,,,,,,,,,,8,,0.298,2,,,,,
,,,,,,,,,,,9,,0.265,2,,,,,
K17,19,0,0,NA,,,NA,NA,NA,NA,1,,,,,,,,
K19,20,4,0.2,1.0575,0.51,3.00,1.00,0.00,0.00,4.23,1,,0.487,3,,,,,
,,,,,,,,,,,2,,0.462,3,,,,,
,,,,,,,,,,,3,,0.557,3,,,,,
,,,,,,,,,,,4,,0.527,3,,,,,
K21,20,9,0.45,0.851888889,0.47,2.78,0.78,0.22,0.00,7.667,1,,0.514,3,,,,,
,,,,,,,,,,,2,,0.494,3,,,,,
,,,,,,,,,,,3,,0.485,3,,,,,
,,,,,,,,,,,4,,0.311,2,,,,,
,,,,,,,,,,,5,,0.538,3,,,,,
,,,,,,,,,,,6,,0.477,3,,,,,
,,,,,,,,,,,7,,0.565,3,,,,,
,,,,,,,,,,,8,,0.465,3,,,,,
,,,,,,,,,,,9,,0.353,2,,,,,
K22,18,3,0.166666667,0.779333333,0.45,2.67,0.67,0.33,0.00,2.338,1,,0.389,2,,,,,
,,,,,,,,,,,2,,0.458,3,,,,,
,,,,,,,,,,,3,,0.488,3,,,,,
L17,20,8,0.4,0.744625,0.47,2.88,0.88,0.13,0.00,5.957,1,,0.323,2,,,,,
,,,,,,,,,,,2,,0.443,3,,,,,
,,,,,,,,,,,3,,0.482,3,,,,,
,,,,,,,,,,,4,,0.498,3,,,,,
,,,,,,,,,,,5,,0.489,3,,,,,
,,,,,,,,,,,6,,0.461,3,,,,,
,,,,,,,,,,,7,,0.483,3,,,,,
,,,,,,,,,,,8,,0.574,3,,,,,
L21,20,3,0.15,0.754333333,0.48,3.00,1.00,0.00,0.00,2.263,1,,0.459,3,,,,,
,,,,,,,,,,,2,,0.493,3,,,,,
,,,,,,,,,,,3,,0.474,3,,,,,
L22,20,8,0.4,0.8195,0.45,2.88,0.88,0.13,0.00,6.556,1,,0.434,3,,,,,
,,,,,,,,,,,2,,0.47,3,,,,,
,,,,,,,,,,,3,,0.47,3,,,,,
,,,,,,,,,,,4,,0.505,3,,,,,
,,,,,,,,,,,5,,0.451,3,,,,,
,,,,,,,,,,,6,,0.478,3,,,,,
,,,,,,,,,,,7,,0.285,2,,,,,
,,,,,,,,,,,8,,0.502,3,,,,,
L24,20,3,0.15,1.018333333,0.50,3.00,1.00,0.00,0.00,3.055,1,,0.439,3,,,,,
,,,,,,,,,,,2,,0.545,3,,,,,
,,,,,,,,,,,3,,0.507,3,,,,,
G26,20,3,0.15,,0.42,2.67,0.67,0.33,0.00,,1,,0.443,3,,,,,
,,,,,,,,,,,2,,0.345,2,,,,,
,,,,,,,,,,,3,,0.474,3,,,,,
G27,20,5,0.25,,0.50,3.00,1.00,0.00,0.00,,1,,0.508,3,,,,,
,,,,,,,,,,,2,,0.529,3,,,,,
,,,,,,,,,,,3,,0.494,3,,,,,
,,,,,,,,,,,4,,0.486,3,,,,,
,,,,,,,,,,,5,,0.47,3,,,,,
G30,20,5,0.25,,0.45,2.80,0.80,0.20,0.00,,1,,0.277,2,,,,,
,,,,,,,,,,,2,,0.506,3,,,,,
,,,,,,,,,,,3,,0.499,3,,,,,
,,,,,,,,,,,4,,0.47,3,,,,,
,,,,,,,,,,,5,,0.487,3,,,,,
G31,20,10,0.5,,0.46,2.80,0.80,0.20,0.00,,1,,0.285,2,,,,,
,,,,,,,,,,,2,,0.319,2,,,,,
,,,,,,,,,,,3,,0.515,3,,,,,
,,,,,,,,,,,4,,0.503,3,,,,,
,,,,,,,,,,,5,,0.487,3,,,,,
,,,,,,,,,,,6,,0.495,3,,,,,
,,,,,,,,,,,7,,0.454,3,,,,,
,,,,,,,,,,,8,,0.506,3,,,,,
,,,,,,,,,,,9,,0.506,3,,,,,
,,,,,,,,,,,10,,0.508,3,,,,,
H28,20,5,0.25,,0.45,2.80,0.80,0.20,0.00,,1,,0.295,2,,,,,
,,,,,,,,,,,2,,0.511,3,,,,,
,,,,,,,,,,,3,,0.482,3,,,,,
,,,,,,,,,,,4,,0.471,3,,,,,
,,,,,,,,,,,5,,0.513,3,,,,,
H29,20,2,0.1,,0.49,3.00,1.00,0.00,0.00,,1,,0.472,3,,,,,
,,,,,,,,,,,2,,0.501,3,,,,,
H30,20,2,0.1,,0.51,3.00,1.00,0.00,0.00,,1,,0.533,3,,,,,
,,,,,,,,,,,2,,0.483,3,,,,,
H32,20,10,0.5,,0.49,3.00,1.00,0.00,0.00,,1,,0.502,3,,,,,
,,,,,,,,,,,2,,0.514,3,,,,,
,,,,,,,,,,,3,,0.444,3,,,,,
,,,,,,,,,,,4,,0.491,3,,,,,
,,,,,,,,,,,5,,0.517,3,,,,,
,,,,,,,,,,,6,,0.519,3,,,,,
,,,,,,,,,,,7,,0.48,3,,,,,
,,,,,,,,,,,8,,0.517,3,,,,,
,,,,,,,,,,,9,,0.469,3,,,,,
,,,,,,,,,,,10,,0.447,3,,,,,
I25,20,2,0.1,,0.48,3.00,1.00,0.00,0.00,,1,,0.451,3,,,,,
,,,,,,,,,,,2,,0.505,3,,,,,
I28,20,9,0.45,,0.49,3.00,1.00,0.00,0.00,,1,,0.484,3,,,,,
,,,,,,,,,,,2,,0.458,3,,,,,
,,,,,,,,,,,3,,0.481,3,,,,,
,,,,,,,,,,,4,,0.503,3,,,,,
,,,,,,,,,,,5,,0.513,3,,,,,
,,,,,,,,,,,6,,0.485,3,,,,,
,,,,,,,,,,,7,,0.462,3,,,,,
,,,,,,,,,,,8,,0.507,3,,,,,
,,,,,,,,,,,9,,0.514,3,,,,,
I29,20,8,0.4,,0.47,2.88,0.88,0.13,0.00,,1,,0.472,3,,,,,
,,,,,,,,,,,2,,0.491,3,,,,,
,,,,,,,,,,,3,,0.514,3,,,,,
,,,,,,,,,,,4,,0.485,3,,,,,
,,,,,,,,,,,5,,0.471,3,,,,,
,,,,,,,,,,,6,,0.501,3,,,,,
,,,,,,,,,,,7,,0.332,2,,,,,
,,,,,,,,,,,8,,0.48,3,,,,,
I32,20,3,0.15,,0.47,3.00,1.00,0.00,0.00,,1,,0.488,3,,,,,
,,,,,,,,,,,2,,0.448,3,,,,,
,,,,,,,,,,,3,,0.471,3,,,,,
J25,20,1,0.05,,0.54,3.00,1.00,0.00,0.00,,1,,0.544,3,,,,,
J27,20,10,0.5,,0.44,2.67,0.67,0.33,0.00,,1,,0.505,3,,,,,
,,,,,,,,,,,2,,0.501,3,,,,,
,,,,,,,,,,,3,,0.484,3,,,,,
,,,,,,,,,,,4,,0.396,2,,,,,
,,,,,,,,,,,5,,0.313,2,,,,,
,,,,,,,,,,,6,,NA,NA,,,,,
,,,,,,,,,,,7,,0.279,2,,,,,
,,,,,,,,,,,8,,0.538,3,,,,,
,,,,,,,,,,,9,,0.476,3,,,,,
,,,,,,,,,,,10,,0.49,3,,,,,
J28,20,5,0.25,,0.49,3.00,1.00,0.00,0.00,,1,,0.523,3,,,,,
,,,,,,,,,,,2,,0.507,3,,,,,
,,,,,,,,,,,3,,0.507,3,,,,,
,,,,,,,,,,,4,,0.457,3,,,,,
,,,,,,,,,,,5,,0.451,3,,,,,
J29,20,11,0.55,,0.52,3.00,1.00,0.00,0.00,,1,,0.442,3,,,,,
,,,,,,,,,,,2,,0.523,3,,,,,
,,,,,,,,,,,3,,0.51,3,,,,,
,,,,,,,,,,,4,,0.501,3,,,,,
,,,,,,,,,,,5,,0.556,3,,,,,
,,,,,,,,,,,6,,0.548,3,,,,,
,,,,,,,,,,,7,,0.503,3,,,,,
,,,,,,,,,,,8,,0.548,3,,,,,
,,,,,,,,,,,9,,0.553,3,,,,,
,,,,,,,,,,,10,,0.531,3,,,,,
,,,,,,,,,,,11,,0.521,3,,,,,
K25,20,9,0.45,,0.51,3.00,1.00,0.00,0.00,,1,,0.445,3,,,,,
,,,,,,,,,,,2,,0.492,3,,,,,
,,,,,,,,,,,3,,0.486,3,,,,,
,,,,,,,,,,,4,,0.524,3,,,,,
,,,,,,,,,,,5,,0.501,3,,,,,
,,,,,,,,,,,6,,0.567,3,,,,,
,,,,,,,,,,,7,,0.546,3,,,,,
,,,,,,,,,,,8,,0.5,3,,,,,
,,,,,,,,,,,9,,0.485,3,,,,,
K28,20,16,0.8,,0.47,2.81,0.81,0.19,0.00,,1,,0.476,3,,,,,
,,,,,,,,,,,2,,0.63,3,,,,,
,,,,,,,,,,,3,,0.505,3,,,,,
,,,,,,,,,,,4,,0.469,3,,,,,
,,,,,,,,,,,5,,0.512,3,,,,,
,,,,,,,,,,,6,,0.51,3,,,,,
,,,,,,,,,,,7,,0.5,3,,,,,
,,,,,,,,,,,8,,0.489,3,,,,,
,,,,,,,,,,,9,,0.333,2,,,,,
,,,,,,,,,,,10,,0.49,3,,,,,
,,,,,,,,,,,11,,0.51,3,,,,,
,,,,,,,,,,,12,,0.487,3,,,,,
,,,,,,,,,,,13,,0.317,2,,,,,
,,,,,,,,,,,14,,0.339,2,,,,,
,,,,,,,,,,,15,,0.479,3,,,,,
,,,,,,,,,,,16,,0.5,3,,,,,
K29,20,17,0.85,,0.48,2.94,0.94,0.06,0.00,,1,,0.54,3,,,,,
,,,,,,,,,,,2,,0.492,3,,,,,
,,,,,,,,,,,3,,0.523,3,,,,,
,,,,,,,,,,,4,,0.476,3,,,,,
,,,,,,,,,,,5,,0.491,3,,,,,
,,,,,,,,,,,6,,0.532,3,,,,,
,,,,,,,,,,,7,,0.428,3,,,,,
,,,,,,,,,,,8,,0.497,3,,,,,
,,,,,,,,,,,9,,0.523,3,,,,,
,,,,,,,,,,,10,,0.476,3,,,,,
,,,,,,,,,,,11,,0.534,3,,,,,
,,,,,,,,,,,12,,0.307,2,,,,,
,,,,,,,,,,,13,,0.506,3,,,,,
,,,,,,,,,,,14,,0.482,3,,,,,
,,,,,,,,,,,15,,0.458,3,,,,,
,,,,,,,,,,,16,,0.473,3,,,,,
,,,,,,,,,,,17,,NA,NA,,,,,
K32,19,7,0.368421053,,0.48,3.00,1.00,0.00,0.00,,1,,0.474,3,,,,,
,,,,,,,,,,,2,,0.549,3,,,,,
,,,,,,,,,,,3,,0.433,3,,,,,
,,,,,,,,,,,4,,0.474,3,,,,,
,,,,,,,,,,,5,,0.445,3,,,,,
,,,,,,,,,,,6,,0.499,3,,,,,
,,,,,,,,,,,7,,0.513,3,,,,,
L25,18,7,0.388888889,,0.50,3.00,1.00,0.00,0.00,,1,,0.44,3,,,,,
,,,,,,,,,,,2,,0.471,3,,,,,
,,,,,,,,,,,3,,0.507,3,,,,,
,,,,,,,,,,,4,,0.554,3,,,,,
,,,,,,,,,,,5,,0.509,3,,,,,
,,,,,,,,,,,6,,0.516,3,,,,,
,,,,,,,,,,,7,,NA,NA,,,,,
L28,18,4,0.222222222,,0.48,3.00,1.00,0.00,0.00,,1,,0.514,3,,,,,
,,,,,,,,,,,2,,0.457,3,,,,,
,,,,,,,,,,,3,,0.488,3,,,,,
,,,,,,,,,,,4,,0.478,3,,,,,
L29,18,4,0.222222222,,0.48,3.00,1.00,0.00,0.00,,1,,0.466,3,,,,,
,,,,,,,,,,,2,,0.494,3,,,,,
,,,,,,,,,,,3,,0.464,3,,,,,
,,,,,,,,,,,4,,0.499,3,,,,,
L32,18,6,0.333333333,,0.51,3.00,1.00,0.00,0.00,,1,,0.535,3,,,,,
,,,,,,,,,,,2,,0.531,3,,,,,
,,,,,,,,,,,3,,0.545,3,,,,,
,,,,,,,,,,,4,,0.508,3,,,,,
,,,,,,,,,,,5,,0.436,3,,,,,
,,,,,,,,,,,6,,0.48,3,,,,,
G33,18,11,0.611,0.546,0.43,2.64,0.64,0.36,0.00,6.01,1,,0.501,3,,,,,
,,,,,,,,,,,2,,0.335,2,,,,,
,,,,,,,,,,,3,,0.459,3,,,,,
,,,,,,,,,,,4,,0.488,3,,,,,
,,,,,,,,,,,5,,0.536,3,,,,,
,,,,,,,,,,,6,,0.358,2,,,,,
,,,,,,,,,,,7,,0.311,2,,,,,
,,,,,,,,,,,8,,0.452,3,,,,,
,,,,,,,,,,,9,,0.296,2,,,,,
,,,,,,,,,,,10,,0.546,3,,,,,
,,,,,,,,,,,11,,0.454,3,,,,,
G34,20,8,0.400,0.591,0.45,2.75,0.75,0.25,0.00,4.728,1,,0.338,2,,,,,
,,,,,,,,,,,2,,0.484,3,,,,,
,,,,,,,,,,,3,,0.499,3,,,,,
,,,,,,,,,,,4,,0.51,3,,,,,
,,,,,,,,,,,5,,0.505,3,,,,,
,,,,,,,,,,,6,,0.283,2,,,,,
,,,,,,,,,,,7,,0.494,3,,,,,
,,,,,,,,,,,8,,0.476,3,,,,,
G35,20,6,0.300,0.670,0.46,2.83,0.83,0.17,0.00,4.022,1,,0.296,2,,,,,
,,,,,,,,,,,2,,0.505,3,,,,,
,,,,,,,,,,,3,,0.501,3,,,,,
,,,,,,,,,,,4,,0.477,3,,,,,
,,,,,,,,,,,5,,0.482,3,,,,,
,,,,,,,,,,,6,,0.47,3,,,,,
G36,20,7,0.350,0.825,0.49,3.00,1.00,0.00,0.00,5.772,1,,0.51,3,,,,,
,,,,,,,,,,,2,,0.443,3,,,,,
,,,,,,,,,,,3,,0.481,3,,,,,
,,,,,,,,,,,4,,0.5,3,,,,,
,,,,,,,,,,,5,,0.514,3,,,,,
,,,,,,,,,,,6,,0.467,3,,,,,
,,,,,,,,,,,7,,0.504,3,,,,,
H33,20,12,0.600,0.358,0.39,2.40,0.33,0.50,0.00,3.933,1,,0.367,2,,,,,
,,,,,,,,,,,2,,0.528,3,,,,,
,,,,,,,,,,,3,,0.324,2,,,,,
,,,,,,,,,,,4,,0.493,3,,,,,
,,,,,,,,,,,5,,0.496,3,,,,,
,,,,,,,,,,,6,,0.458,3,,,,,
,,,,,,,,,,,7,,0.331,2,,,,,
,,,,,,,,,,,8,,0.309,2,,,,,
,,,,,,,,,,,9,,0.315,2,,,,,
,,,,,,,,,,,10,,0.319,2,,,,,
,,,,,,,,,,,11,,na,na,,,,,
,,,,,,,,,,,12,,na,na,,,,,
H34,20,14,0.700,0.237,0.46,2.86,0.86,0.14,0.00,3.315,1,,0.505,3,,,,,
,,,,,,,,,,,2,,0.313,2,,,,,
,,,,,,,,,,,3,,0.495,3,,,,,
,,,,,,,,,,,4,,0.414,3,,,,,
,,,,,,,,,,,5,,0.516,3,,,,,
,,,,,,,,,,,6,,0.527,3,,,,,
,,,,,,,,,,,7,,0.491,3,,,,,
,,,,,,,,,,,8,,0.508,3,,,,,
,,,,,,,,,,,9,,0.521,3,,,,,
,,,,,,,,,,,10,,0.483,3,,,,,
,,,,,,,,,,,11,,0.49,3,,,,,
,,,,,,,,,,,12,,0.459,3,,,,,
,,,,,,,,,,,13,,0.409,3,,,,,
,,,,,,,,,,,14,,0.32,2,,,,,
H35,19,8,0.421,0.058,0.33,2.00,0.00,0.75,0.00,0.409,1,,0.301,2,,,,,
,,,,,,,,,,,2,,0.337,2,,,,,
,,,,,,,,,,,3,,0.344,2,,,,,
,,,,,,,,,,,4,,0.34,2,,,,,
,,,,,,,,,,,5,,0.316,2,,,,,
,,,,,,,,,,,6,,0.317,2,,,,,
,,,,,,,,,,,7,,na,na,,,,,
,,,,,,,,,,,8,,na,na,,,,,
H36,20,2,0.100,0.463,0.39,2.50,0.50,0.50,0.00,0.926,1,,0.324,2,,,,,
,,,,,,,,,,,2,,0.455,3,,,,,
I33,20,6,0.300,0.743,0.45,2.80,0.67,0.17,0.00,3.714,1,,na,na,,,,,
,,,,,,,,,,,2,,0.468,3,,,,,
,,,,,,,,,,,3,,0.473,3,,,,,
,,,,,,,,,,,4,,0.504,3,,,,,
,,,,,,,,,,,5,,0.322,2,,,,,
,,,,,,,,,,,6,,0.464,3,,,,,
I35,18,8,0.444,0.383,0.40,2.50,0.50,0.50,0.00,3.065,1,,0.315,2,,,,,
,,,,,,,,,,,2,,0.305,2,,,,,
,,,,,,,,,,,3,,0.462,3,,,,,
,,,,,,,,,,,4,,0.478,3,,,,,
,,,,,,,,,,,5,,0.518,3,,,,,
,,,,,,,,,,,6,,0.333,2,,,,,
,,,,,,,,,,,7,,0.317,2,,,,,
,,,,,,,,,,,8,,0.445,3,,,,,
I36,18,9,0.500,0.260,0.37,2.25,0.22,0.67,0.00,2.336,1,,0.52,3,,,,,
,,,,,,,,,,,2,,0.344,2,,,,,
,,,,,,,,,,,3,,0.495,3,,,,,
,,,,,,,,,,,4,,0.297,2,,,,,
,,,,,,,,,,,5,,0.297,2,,,,,
,,,,,,,,,,,6,,0.333,2,,,,,
,,,,,,,,,,,7,,0.348,2,,,,,
,,,,,,,,,,,8,,na,na,,,,,
,,,,,,,,,,,9,,0.309,2,,,,,
I40,19,8,0.421,0.646,0.45,2.75,0.75,0.25,0.00,5.166,1,,0.522,3,,,,,
,,,,,,,,,,,2,,0.349,2,,,,,
,,,,,,,,,,,3,,0.307,2,,,,,
,,,,,,,,,,,4,,0.458,3,,,,,
,,,,,,,,,,,5,,0.466,3,,,,,
,,,,,,,,,,,6,,0.491,3,,,,,
,,,,,,,,,,,7,,0.479,3,,,,,
,,,,,,,,,,,8,,0.526,3,,,,,
A25,20,5,0.250,0.952,0.45,2.80,0.80,0.20,0.00,4.762,1,,0.287,2,,,,,
,,,,,,,,,,,2,,0.493,3,,,,,
,,,,,,,,,,,3,,0.494,3,,,,,
,,,,,,,,,,,4,,0.488,3,,,,,
,,,,,,,,,,,5,,0.477,3,,,,,
A28,18,1,0.056,2.176,0.50,3.00,1.00,0.00,0.00,2.176,1,,0.498,3,,,,,
A31,20,9,0.450,1.202,0.50,3.00,1.00,0.00,0.00,10.819,1,,0.506,3,,,,,
,,,,,,,,,,,2,,0.468,3,,,,,
,,,,,,,,,,,3,,0.481,3,,,,,
,,,,,,,,,,,4,,0.538,3,,,,,
,,,,,,,,,,,5,,0.51,3,,,,,
,,,,,,,,,,,6,,0.514,3,,,,,
,,,,,,,,,,,7,,0.502,3,,,,,
,,,,,,,,,,,8,,0.516,3,,,,,
,,,,,,,,,,,9,,0.489,3,,,,,
A32,19,13,0.684,0.808,0.47,2.85,0.85,0.15,0.00,10.499,1,,0.303,2,,,,,
,,,,,,,,,,,2,,0.489,3,,,,,
,,,,,,,,,,,3,,0.518,3,,,,,
,,,,,,,,,,,4,,0.498,3,,,,,
,,,,,,,,,,,5,,0.299,2,,,,,
,,,,,,,,,,,6,,0.493,3,,,,,
,,,,,,,,,,,7,,0.502,3,,,,,
,,,,,,,,,,,8,,0.456,3,,,,,
,,,,,,,,,,,9,,0.541,3,,,,,
,,,,,,,,,,,10,,0.517,3,,,,,
,,,,,,,,,,,11,,0.484,3,,,,,
,,,,,,,,,,,12,,0.485,3,,,,,
,,,,,,,,,,,13,,0.525,3,,,,,
B25,20,4,0.200,1.172,0.49,3.00,1.00,0.00,0.00,4.687,1,,0.515,3,,,,,
,,,,,,,,,,,2,,0.453,3,,,,,
,,,,,,,,,,,3,,0.49,3,,,,,
,,,,,,,,,,,4,,0.516,3,,,,,
B28,19,7,0.368,0.276,0.39,2.43,0.43,0.57,0.00,1.933,1,,0.463,3,,,,,
,,,,,,,,,,,2,,0.301,2,,,,,
,,,,,,,,,,,3,,0.31,2,,,,,
,,,,,,,,,,,4,,0.501,3,,,,,
,,,,,,,,,,,5,,0.323,2,,,,,
,,,,,,,,,,,6,,0.499,3,,,,,
,,,,,,,,,,,7,,0.328,2,,,,,
B29,20,6,0.300,1.071,0.50,3.00,1.00,0.00,0.00,6.426,1,,0.527,3,,,,,
,,,,,,,,,,,2,,0.452,3,,,,,
,,,,,,,,,,,3,,0.519,3,,,,,
,,,,,,,,,,,4,,0.448,3,,,,,
,,,,,,,,,,,5,,0.513,3,,,,,
,,,,,,,,,,,6,,0.568,3,,,,,
B32,19,4,0.211,1.019,0.50,3.00,1.00,0.00,0.00,4.076,1,,0.517,3,,,,,
,,,,,,,,,,,2,,0.524,3,,,,,
,,,,,,,,,,,3,,0.466,3,,,,,
,,,,,,,,,,,4,,0.481,3,,,,,
C25,20,4,0.200,0.215,0.44,2.75,0.75,0.25,0.00,0.858,1,,0.442,3,,,,,
,,,,,,,,,,,2,,0.483,3,,,,,
,,,,,,,,,,,3,,0.343,2,,,,,
,,,,,,,,,,,4,,0.482,3,,,,,
C28,20,10,0.500,0.810,0.48,2.90,0.90,0.10,0.00,8.104,1,,0.548,3,,,,,
,,,,,,,,,,,2,,0.549,3,,,,,
,,,,,,,,,,,3,,0.466,3,,,,,
,,,,,,,,,,,4,,0.453,3,,,,,
,,,,,,,,,,,5,,0.479,3,,,,,
,,,,,,,,,,,6,,0.493,3,,,,,
,,,,,,,,,,,7,,0.309,2,,,,,
,,,,,,,,,,,8,,0.458,3,,,,,
,,,,,,,,,,,9,,0.5,3,,,,,
,,,,,,,,,,,10,,0.501,3,,,,,
C29,20,6,0.300,1.012,0.50,3.00,1.00,0.00,0.00,6.071,1,,0.51,3,,,,,
,,,,,,,,,,,2,,0.503,3,,,,,
,,,,,,,,,,,3,,0.484,3,,,,,
,,,,,,,,,,,4,,0.494,3,,,,,
,,,,,,,,,,,5,,0.494,3,,,,,
,,,,,,,,,,,6,,0.49,3,,,,,
C32,20,8,0.400,0.789,0.49,3.00,1.00,0.00,0.00,6.313,1,,0.519,3,,,,,
,,,,,,,,,,,2,,0.421,3,,,,,
,,,,,,,,,,,3,,0.458,3,,,,,
,,,,,,,,,,,4,,0.45,3,,,,,
,,,,,,,,,,,5,,0.488,3,,,,,
,,,,,,,,,,,6,,0.535,3,,,,,
,,,,,,,,,,,7,,0.517,3,,,,,
,,,,,,,,,,,8,,0.523,3,,,,,
D25,20,8,0.400,1.311,0.46,2.88,0.88,0.13,0.00,10.486,1,,0.309,2,,,,,
,,,,,,,,,,,2,,0.492,3,,,,,
,,,,,,,,,,,3,,0.472,3,,,,,
,,,,,,,,,,,4,,0.454,3,,,,,
,,,,,,,,,,,5,,0.472,3,,,,,
,,,,,,,,,,,6,,0.469,3,,,,,
,,,,,,,,,,,7,,0.517,3,,,,,
,,,,,,,,,,,8,,0.477,3,,,,,
D28,19,1,0.053,1.746,0.47,3.00,1.00,0.00,0.00,1.746,1,,0.472,3,,,,,
D29,18,2,0.111,0.716,0.47,3.00,1.00,0.00,0.00,1.432,1,,0.434,3,,,,,
,,,,,,,,,,,2,,0.501,3,,,,,
D32,19,6,0.316,1.167,0.49,3.00,1.00,0.00,0.00,7.004,1,,0.489,3,,,,,
,,,,,,,,,,,2,,0.506,3,,,,,
,,,,,,,,,,,3,,0.471,3,,,,,
,,,,,,,,,,,4,,0.465,3,,,,,
,,,,,,,,,,,5,,0.493,3,,,,,
,,,,,,,,,,,6,,0.526,3,,,,,
E25,18,16,0.889,1.191,0.48,3.00,1.00,0.00,0.00,19.055,1,,0.511,3,,,,,
,,,,,,,,,,,2,,0.46,3,,,,,
,,,,,,,,,,,3,,0.487,3,,,,,
,,,,,,,,,,,4,,0.509,3,,,,,
,,,,,,,,,,,5,,0.475,3,,,,,
,,,,,,,,,,,6,,0.472,3,,,,,
,,,,,,,,,,,7,,0.486,3,,,,,
,,,,,,,,,,,8,,0.444,3,,,,,
,,,,,,,,,,,9,,0.454,3,,,,,
,,,,,,,,,,,10,,0.475,3,,,,,
,,,,,,,,,,,11,,0.518,3,,,,,
,,,,,,,,,,,12,,0.495,3,,,,,
,,,,,,,,,,,13,,0.496,3,,,,,
,,,,,,,,,,,14,,0.414,3,,,,,
,,,,,,,,,,,15,,0.401,3,,,,,
,,,,,,,,,,,16,,0.511,3,,,,,
E28,20,5,0.250,1.980,0.52,3.00,1.00,0.00,0.00,9.9,1,,0.538,3,,,,,
,,,,,,,,,,,2,,0.503,3,,,,,
,,,,,,,,,,,3,,0.481,3,,,,,
,,,,,,,,,,,4,,0.504,3,,,,,
,,,,,,,,,,,5,,0.554,3,,,,,
E29,20,8,0.400,1.290,0.49,3.00,1.00,0.00,0.00,10.32,1,,0.533,3,,,,,
,,,,,,,,,,,2,,0.488,3,,,,,
,,,,,,,,,,,3,,0.454,3,,,,,
,,,,,,,,,,,4,,0.484,3,,,,,
,,,,,,,,,,,5,,0.482,3,,,,,
,,,,,,,,,,,6,,0.572,3,,,,,
,,,,,,,,,,,7,,0.478,3,,,,,
,,,,,,,,,,,8,,0.443,3,,,,,
E32,20,6,0.300,1.095,0.47,2.83,0.83,0.17,0.00,6.569,1,,0.465,3,,,,,
,,,,,,,,,,,2,,0.309,2,,,,,
,,,,,,,,,,,3,,0.516,3,,,,,
,,,,,,,,,,,4,,0.525,3,,,,,
,,,,,,,,,,,5,,0.49,3,,,,,
,,,,,,,,,,,6,,0.502,3,,,,,
F25,19,13,0.684,1.275,0.50,3.00,1.00,0.00,0.00,16.576,1,,0.536,3,,,,,
,,,,,,,,,,,2,,0.482,3,,,,,
,,,,,,,,,,,3,,0.501,3,,,,,
,,,,,,,,,,,4,,0.51,3,,,,,
,,,,,,,,,,,5,,0.444,3,,,,,
,,,,,,,,,,,6,,0.473,3,,,,,
,,,,,,,,,,,7,,0.517,3,,,,,
,,,,,,,,,,,8,,0.588,3,,,,,
,,,,,,,,,,,9,,0.541,3,,,,,
,,,,,,,,,,,10,,0.468,3,,,,,
,,,,,,,,,,,11,,0.459,3,,,,,
,,,,,,,,,,,12,,0.504,3,,,,,
,,,,,,,,,,,13,,0.536,3,,,,,
F29,19,8,0.421,0.975,0.51,3.00,1.00,0.00,0.00,7.797,1,,0.458,3,,,,,
,,,,,,,,,,,2,,0.486,3,,,,,
,,,,,,,,,,,3,,0.508,3,,,,,
,,,,,,,,,,,4,,0.522,3,,,,,
,,,,,,,,,,,5,,0.59,3,,,,,
,,,,,,,,,,,6,,0.494,3,,,,,
,,,,,,,,,,,7,,0.499,3,,,,,
,,,,,,,,,,,8,,0.495,3,,,,,
F31,20,9,0.450,1.037,0.48,2.89,0.89,0.11,0.00,9.335,1,,0.512,3,,,,,
,,,,,,,,,,,2,,0.508,3,,,,,
,,,,,,,,,,,3,,0.49,3,,,,,
,,,,,,,,,,,4,,0.541,3,,,,,
,,,,,,,,,,,5,,0.294,2,,,,,
,,,,,,,,,,,6,,0.485,3,,,,,
,,,,,,,,,,,7,,0.511,3,,,,,
,,,,,,,,,,,8,,0.476,3,,,,,
,,,,,,,,,,,9,,0.504,3,,,,,
F32,18,6,0.333,1.362,0.51,3.00,1.00,0.00,0.00,8.17,1,,0.511,3,,,,,
,,,,,,,,,,,2,,0.575,3,,,,,
,,,,,,,,,,,3,,0.478,3,,,,,
,,,,,,,,,,,4,,0.503,3,,,,,
,,,,,,,,,,,5,,0.489,3,,,,,
,,,,,,,,,,,6,,0.531,3,,,,,
A37,20,4,0.200,0.1805,0.41,2.75,0.75,0.25,0.00,0.722,1,,0.458,3,,,,,
,,,,,,,,,,,2,,0.427,3,,,,,
,,,,,,,,,,,3,,0.47,3,,,,,
,,,,,,,,,,,4,,0.291,2,,,,,
A38,19,7,0.368,0.12775,0.38,2.20,0.29,0.29,0.14,0.511,1,,0.331,2,,,,,
,,,,,,,,,,,2,,0.531,3,,,,,
,,,,,,,,,,,3,,0.211,1,,,,,
,,,,,,,,,,,4,,0.453,3,,,,,
,,,,,,,,,,,5,,0.359,2,,,,,
,,,,,,,,,,,6,,NA,,,,,,
,,,,,,,,,,,7,,NA,,,,,,
A39,19,6,0.316,0.591166667,0.45,2.67,0.67,0.33,0.00,3.547,1,,0.528,3,,,,,
,,,,,,,,,,,2,,0.518,3,,,,,
,,,,,,,,,,,3,,0.499,3,,,,,
,,,,,,,,,,,4,,0.523,3,,,,,
,,,,,,,,,,,5,,0.307,2,,,,,
,,,,,,,,,,,6,,0.31,2,,,,,
A40,20,16,0.800,0.8966875,0.49,2.88,0.88,0.13,0.00,14.347,1,,0.505,3,,,,,
,,,,,,,,,,,2,,0.489,3,,,,,
,,,,,,,,,,,3,,0.533,3,,,,,
,,,,,,,,,,,4,,0.503,3,,,,,
,,,,,,,,,,,5,,0.517,3,,,,,
,,,,,,,,,,,6,,0.524,3,,,,,
,,,,,,,,,,,7,,0.532,3,,,,,
,,,,,,,,,,,8,,0.452,3,,,,,
,,,,,,,,,,,9,,0.547,3,,,,,
,,,,,,,,,,,10,,0.324,2,,,,,
,,,,,,,,,,,11,,0.482,3,,,,,
,,,,,,,,,,,12,,0.504,3,,,,,
,,,,,,,,,,,13,,0.54,3,,,,,
,,,,,,,,,,,14,,0.531,3,,,,,
,,,,,,,,,,,15,,0.53,3,,,,,
,,,,,,,,,,,16,,0.35,2,,,,,
B35,19,13,0.684,1.099615385,0.44,2.77,0.77,0.23,0.00,14.295,1,,0.491,3,,,,,
,,,,,,,,,,,2,,0.332,2,,,,,
,,,,,,,,,,,3,,0.491,3,,,,,
,,,,,,,,,,,4,,0.444,3,,,,,
,,,,,,,,,,,5,,0.459,3,,,,,
,,,,,,,,,,,6,,0.324,2,,,,,
,,,,,,,,,,,7,,0.522,3,,,,,
,,,,,,,,,,,8,,0.446,3,,,,,
,,,,,,,,,,,9,,0.494,3,,,,,
,,,,,,,,,,,10,,0.304,2,,,,,
,,,,,,,,,,,11,,0.436,3,,,,,
,,,,,,,,,,,12,,0.518,3,,,,,
,,,,,,,,,,,13,,0.493,3,,,,,
B37,17,8,0.471,0.929875,0.48,3.00,1.00,0.00,0.00,7.439,1,,0.512,3,,,,,
,,,,,,,,,,,2,,0.454,3,,,,,
,,,,,,,,,,,3,,0.463,3,,,,,
,,,,,,,,,,,4,,0.475,3,,,,,
,,,,,,,,,,,5,,0.452,3,,,,,
,,,,,,,,,,,6,,0.469,3,,,,,
,,,,,,,,,,,7,,0.512,3,,,,,
,,,,,,,,,,,8,,0.509,3,,,,,
B38,20,5,0.250,0.7254,0.46,2.83,1.00,0.20,0.00,3.627,1,,0.47,3,,,,,
,,,,,,,,,,,2,,0.293,2,,,,,
,,,,,,,,,,,3,,0.428,3,,,,,
,,,,,,,,,,,4,,0.518,3,,,,,
,,,,,,,,,,,5,,0.506,3,,,,,
B39,19,13,0.684,1.285461538,0.47,2.85,0.85,0.15,0.00,16.711,1,,0.519,3,,,,,
,,,,,,,,,,,2,,0.299,2,,,,,
,,,,,,,,,,,3,,0.338,2,,,,,
,,,,,,,,,,,4,,0.466,3,,,,,
,,,,,,,,,,,5,,0.474,3,,,,,
,,,,,,,,,,,6,,0.437,3,,,,,
,,,,,,,,,,,7,,0.506,3,,,,,
,,,,,,,,,,,8,,0.501,3,,,,,
,,,,,,,,,,,9,,0.519,3,,,,,
,,,,,,,,,,,10,,0.51,3,,,,,
,,,,,,,,,,,11,,0.497,3,,,,,
,,,,,,,,,,,12,,0.503,3,,,,,
,,,,,,,,,,,13,,0.505,3,,,,,
C34,18,11,0.611,0.588181818,0.45,2.64,0.73,0.18,0.09,6.47,1,,0.318,2,,,,,
,,,,,,,,,,,2,,0.644,3,,,,,
,,,,,,,,,,,3,,0.512,3,,,,,
,,,,,,,,,,,4,,0.447,3,,,,,
,,,,,,,,,,,5,,0.479,3,,,,,
,,,,,,,,,,,6,,0.491,3,,,,,
,,,,,,,,,,,7,,0.517,3,,,,,
,,,,,,,,,,,8,,0.457,3,,,,,
,,,,,,,,,,,9,,0.485,3,,,,,
,,,,,,,,,,,10,,0.37,2,,,,,
,,,,,,,,,,,11,,0.227,1,,,,,
C37,20,8,0.400,0.348125,0.47,2.88,0.88,0.13,0.00,2.785,1,,0.473,3,,,,,
,,,,,,,,,,,2,,0.484,3,,,,,
,,,,,,,,,,,3,,0.493,3,,,,,
,,,,,,,,,,,4,,0.513,3,,,,,
,,,,,,,,,,,5,,0.508,3,,,,,
,,,,,,,,,,,6,,0.496,3,,,,,
,,,,,,,,,,,7,,0.485,3,,,,,
,,,,,,,,,,,8,,0.284,2,,,,,
C38,18,11,0.611,0.525272727,0.48,2.91,0.91,0.09,0.00,5.778,1,,0.492,3,,,,,
,,,,,,,,,,,2,,0.512,3,,,,,
,,,,,,,,,,,3,,0.461,3,,,,,
,,,,,,,,,,,4,,0.515,3,,,,,
,,,,,,,,,,,5,,0.488,3,,,,,
,,,,,,,,,,,6,,0.521,3,,,,,
,,,,,,,,,,,7,,0.463,3,,,,,
,,,,,,,,,,,8,,0.485,3,,,,,
,,,,,,,,,,,9,,0.446,3,,,,,
,,,,,,,,,,,10,,0.537,3,,,,,
,,,,,,,,,,,11,,0.305,2,,,,,
C39,18,8,0.444,0.172,0.41,2.50,0.50,0.50,0.00,1.376,1,,0.305,2,,,,,
,,,,,,,,,,,2,,0.35,2,,,,,
,,,,,,,,,,,3,,0.489,3,,,,,
,,,,,,,,,,,4,,0.504,3,,,,,
,,,,,,,,,,,5,,0.492,3,,,,,
,,,,,,,,,,,6,,0.338,2,,,,,
,,,,,,,,,,,7,,0.311,2,,,,,
,,,,,,,,,,,8,,0.503,3,,,,,
D35,19,6,0.316,0.823,0.46,2.83,0.83,0.17,0.00,4.938,1,,0.325,2,,,,,
,,,,,,,,,,,2,,0.456,3,,,,,
,,,,,,,,,,,3,,0.491,3,,,,,
,,,,,,,,,,,4,,0.495,3,,,,,
,,,,,,,,,,,5,,0.526,3,,,,,
,,,,,,,,,,,6,,0.488,3,,,,,
D36,19,14,0.737,0.786,0.48,2.86,0.86,0.14,0.00,11.004,1,,0.489,3,,,,,
,,,,,,,,,,,2,,0.334,2,,,,,
,,,,,,,,,,,3,,0.506,3,,,,,
,,,,,,,,,,,4,,0.506,3,,,,,
,,,,,,,,,,,5,,0.555,3,,,,,
,,,,,,,,,,,6,,0.515,3,,,,,
,,,,,,,,,,,7,,0.46,3,,,,,
,,,,,,,,,,,8,,0.471,3,,,,,
,,,,,,,,,,,9,,0.513,3,,,,,
,,,,,,,,,,,10,,0.52,3,,,,,
,,,,,,,,,,,11,,0.521,3,,,,,
,,,,,,,,,,,12,,0.316,2,,,,,
,,,,,,,,,,,13,,0.497,3,,,,,
,,,,,,,,,,,14,,0.485,3,,,,,
D38,19,9,0.474,0.454222222,0.47,2.78,0.78,0.22,0.00,4.088,1,,0.525,3,,,,,
,,,,,,,,,,,2,,0.503,3,,,,,
,,,,,,,,,,,3,,0.535,3,,,,,
,,,,,,,,,,,4,,0.529,3,,,,,
,,,,,,,,,,,5,,0.314,2,,,,,
,,,,,,,,,,,6,,0.471,3,,,,,
,,,,,,,,,,,7,,0.318,2,,,,,
,,,,,,,,,,,8,,0.503,3,,,,,
,,,,,,,,,,,9,,0.541,3,,,,,
D40,19,9,0.474,0.345666667,0.43,2.67,0.67,0.33,0.00,3.111,1,,0.472,3,,,,,
,,,,,,,,,,,2,,0.324,2,,,,,
,,,,,,,,,,,3,,0.311,2,,,,,
,,,,,,,,,,,4,,0.466,3,,,,,
,,,,,,,,,,,5,,0.534,3,,,,,
,,,,,,,,,,,6,,0.521,3,,,,,
,,,,,,,,,,,7,,0.496,3,,,,,
,,,,,,,,,,,8,,0.431,3,,,,,
,,,,,,,,,,,9,,0.29,2,,,,,
E37,20,12,0.600,0.506,0.48,2.92,0.92,0.08,0.00,6.072,1,,0.477,3,,,,,
,,,,,,,,,,,2,,0.563,3,,,,,
,,,,,,,,,,,3,,0.522,3,,,,,
,,,,,,,,,,,4,,0.504,3,,,,,
,,,,,,,,,,,5,,0.491,3,,,,,
,,,,,,,,,,,6,,0.513,3,,,,,
,,,,,,,,,,,7,,0.363,2,,,,,
,,,,,,,,,,,8,,0.471,3,,,,,
,,,,,,,,,,,9,,0.455,3,,,,,
,,,,,,,,,,,10,,0.428,3,,,,,
,,,,,,,,,,,11,,0.48,3,,,,,
,,,,,,,,,,,12,,0.487,3,,,,,
E38,19,11,0.579,1.128454545,0.49,3.00,1.00,0.00,0.00,12.413,1,,0.508,3,,,,,
,,,,,,,,,,,2,,0.477,3,,,,,
,,,,,,,,,,,3,,0.461,3,,,,,
,,,,,,,,,,,4,,0.56,3,,,,,
,,,,,,,,,,,5,,0.515,3,,,,,
,,,,,,,,,,,6,,0.489,3,,,,,
,,,,,,,,,,,7,,0.419,3,,,,,
,,,,,,,,,,,8,,0.483,3,,,,,
,,,,,,,,,,,9,,0.471,3,,,,,
,,,,,,,,,,,10,,0.477,3,,,,,
,,,,,,,,,,,11,,0.481,3,,,,,
E39,20,11,0.550,0.657090909,0.41,2.55,0.55,0.45,0.00,7.228,1,,0.499,3,,,,,
,,,,,,,,,,,2,,0.469,3,,,,,
,,,,,,,,,,,3,,0.327,2,,,,,
,,,,,,,,,,,4,,0.302,2,,,,,
,,,,,,,,,,,5,,0.51,3,,,,,
,,,,,,,,,,,6,,0.527,3,,,,,
,,,,,,,,,,,7,,0.312,2,,,,,
,,,,,,,,,,,8,,0.305,2,,,,,
,,,,,,,,,,,9,,0.469,3,,,,,
,,,,,,,,,,,10,,0.307,2,,,,,
,,,,,,,,,,,11,,0.484,3,,,,,
E40,20,10,0.500,0.1578,0.37,2.20,0.40,0.40,0.20,1.578,1,,0.296,2,,,,,
,,,,,,,,,,,2,,0.525,3,,,,,
,,,,,,,,,,,3,,0.247,1,,,,,
,,,,,,,,,,,4,,0.314,2,,,,,
,,,,,,,,,,,5,,0.432,3,,,,,
,,,,,,,,,,,6,,0.273,2,,,,,
,,,,,,,,,,,7,,0.307,2,,,,,
,,,,,,,,,,,8,,0.487,3,,,,,
,,,,,,,,,,,9,,0.57,3,,,,,
,,,,,,,,,,,10,,0.199,1,,,,,
F37,19,15,0.789,0.600066667,0.43,2.73,0.73,0.27,0.00,9.001,1,,0.459,3,,,,,
,,,,,,,,,,,2,,0.48,3,,,,,
,,,,,,,,,,,3,,0.315,2,,,,,
,,,,,,,,,,,4,,0.462,3,,,,,
,,,,,,,,,,,5,,0.298,2,,,,,
,,,,,,,,,,,6,,0.478,3,,,,,
,,,,,,,,,,,7,,0.499,3,,,,,
,,,,,,,,,,,8,,0.441,3,,,,,
,,,,,,,,,,,9,,0.481,3,,,,,
,,,,,,,,,,,10,,0.492,3,,,,,
,,,,,,,,,,,11,,0.499,3,,,,,
,,,,,,,,,,,12,,0.493,3,,,,,
,,,,,,,,,,,13,,0.507,3,,,,,
,,,,,,,,,,,14,,0.282,2,,,,,
,,,,,,,,,,,15,,0.335,2,,,,,
F38,19,6,0.316,0.750166667,0.45,2.83,0.83,0.17,0.00,4.501,1,,0.458,3,,,,,
,,,,,,,,,,,2,,0.431,3,,,,,
,,,,,,,,,,,3,,0.282,2,,,,,
,,,,,,,,,,,4,,0.541,3,,,,,
,,,,,,,,,,,5,,0.504,3,,,,,
,,,,,,,,,,,6,,0.484,3,,,,,
F39,19,3,0.158,0.720333333,0.47,3.00,1.00,0.00,0.00,2.161,1,,0.485,3,,,,,
,,,,,,,,,,,2,,0.444,3,,,,,
,,,,,,,,,,,3,,0.489,3,,,,,
F40,17,3,0.176,0.507,0.50,3.00,1.00,0.00,0.00,1.521,1,,0.548,3,,,,,
,,,,,,,,,,,2,,0.5,3,,,,,
,,,,,,,,,,,3,,0.45,3,,,,,
J33,19,9,0.474,0.173111111,0.40,2.44,0.44,0.56,0.00,1.558,1,,0.516,3,,,,,
,,,,,,,,,,,2,,0.496,3,,,,,
,,,,,,,,,,,3,,0.475,3,,,,,
,,,,,,,,,,,4,,0.302,2,,,,,
,,,,,,,,,,,5,,0.522,3,,,,,
,,,,,,,,,,,6,,0.335,2,,,,,
,,,,,,,,,,,7,,0.288,2,,,,,
,,,,,,,,,,,8,,0.318,2,,,,,
,,,,,,,,,,,9,,0.335,2,,,,,
J34,20,5,0.250,0.2486,0.35,2.20,0.20,0.80,0.00,1.243,1,,0.527,3,,,,,
,,,,,,,,,,,2,,0.333,2,,,,,
,,,,,,,,,,,3,,0.314,2,,,,,
,,,,,,,,,,,4,,0.29,2,,,,,
,,,,,,,,,,,5,,0.271,2,,,,,
J38,20,10,0.500,0.344333333,0.44,2.70,0.70,0.30,0.00,3.099,1,,0.333,2,,,,,
,,,,,,,,,,,2,,0.311,2,,,,,
,,,,,,,,,,,3,,0.499,3,,,,,
,,,,,,,,,,,4,,0.479,3,,,,,
,,,,,,,,,,,5,,0.496,3,,,,,
,,,,,,,,,,,6,,0.366,2,,,,,
,,,,,,,,,,,7,,0.479,3,,,,,
,,,,,,,,,,,8,,0.43,3,,,,,
,,,,,,,,,,,9,,0.488,3,,,,,
,,,,,,,,,,,10,,0.476,3,,,,,
J39,18,3,0.167,0.512333333,0.46,3.00,1.00,0.00,0.00,1.537,1,,0.499,3,,,,,
,,,,,,,,,,,2,,0.443,3,,,,,
,,,,,,,,,,,3,,0.444,3,,,,,
K33,19,13,0.684,0.170538462,0.36,2.31,0.31,0.69,0.00,2.217,1,,0.315,2,,,,,
,,,,,,,,,,,2,,0.467,3,,,,,
,,,,,,,,,,,3,,0.529,3,,,,,
,,,,,,,,,,,4,,0.324,2,,,,,
,,,,,,,,,,,5,,0.528,3,,,,,
,,,,,,,,,,,6,,0.328,2,,,,,
,,,,,,,,,,,7,,0.441,3,,,,,
,,,,,,,,,,,8,,0.279,2,,,,,
,,,,,,,,,,,9,,0.28,2,,,,,
,,,,,,,,,,,10,,0.312,2,,,,,
,,,,,,,,,,,11,,0.295,2,,,,,
,,,,,,,,,,,12,,0.311,2,,,,,
,,,,,,,,,,,13,,0.297,2,,,,,
K34,20,14,0.700,0.441642857,0.41,2.57,0.57,0.43,0.00,6.183,1,,0.509,3,,,,,
,,,,,,,,,,,2,,0.301,2,,,,,
,,,,,,,,,,,3,,0.343,2,,,,,
,,,,,,,,,,,4,,0.314,2,,,,,
,,,,,,,,,,,5,,0.477,3,,,,,
,,,,,,,,,,,6,,0.45,3,,,,,
,,,,,,,,,,,7,,0.458,3,,,,,
,,,,,,,,,,,8,,0.29,2,,,,,
,,,,,,,,,,,9,,0.471,3,,,,,
,,,,,,,,,,,10,,0.348,2,,,,,
,,,,,,,,,,,11,,0.478,3,,,,,
,,,,,,,,,,,12,,0.317,2,,,,,
,,,,,,,,,,,13,,0.474,3,,,,,
,,,,,,,,,,,14,,0.483,3,,,,,
K35,20,8,0.400,0.673,0.45,2.75,0.75,0.25,0.00,5.384,1,,0.503,3,,,,,
,,,,,,,,,,,2,,0.504,3,,,,,
,,,,,,,,,,,3,,0.509,3,,,,,
,,,,,,,,,,,4,,0.482,3,,,,,
,,,,,,,,,,,5,,0.29,2,,,,,
,,,,,,,,,,,6,,0.53,3,,,,,
,,,,,,,,,,,7,,0.477,3,,,,,
,,,,,,,,,,,8,,0.293,2,,,,,
K39,19,2,0.105,0.1855,0.43,2.50,0.50,0.50,0.00,0.371,1,,0.5,3,,,,,
,,,,,,,,,,,2,,0.36,2,,,,,
L33,20,4,0.200,0.18075,0.31,2.00,0.00,1.00,0.00,0.723,1,,0.286,2,,,,,
,,,,,,,,,,,2,,0.301,2,,,,,
,,,,,,,,,,,3,,0.322,2,,,,,
,,,,,,,,,,,4,,0.319,2,,,,,
L34,18,12,0.667,0.399111111,0.42,2.55,0.58,0.25,0.08,3.592,1,,0.243,1,,,,,
,,,,,,,,,,,2,,NA,NA,,,,,
,,,,,,,,,,,3,,0.497,3,,,,,
,,,,,,,,,,,4,,0.46,3,,,,,
,,,,,,,,,,,5,,0.442,3,,,,,
,,,,,,,,,,,6,,0.448,3,,,,,
,,,,,,,,,,,7,,0.37,2,,,,,
,,,,,,,,,,,8,,0.513,3,,,,,
,,,,,,,,,,,9,,0.399,2,,,,,
,,,,,,,,,,,10,,0.3,2,,,,,
,,,,,,,,,,,11,,0.473,3,,,,,
,,,,,,,,,,,12,,0.464,3,,,,,
L35,19,9,0.474,0.568888889,0.41,2.56,0.56,0.44,0.00,5.12,1,,0.453,3,,,,,
,,,,,,,,,,,2,,0.473,3,,,,,
,,,,,,,,,,,3,,0.487,3,,,,,
,,,,,,,,,,,4,,0.399,2,,,,,
,,,,,,,,,,,5,,0.302,2,,,,,
,,,,,,,,,,,6,,0.487,3,,,,,
,,,,,,,,,,,7,,0.318,2,,,,,
,,,,,,,,,,,8,,0.455,3,,,,,
,,,,,,,,,,,9,,0.33,2,,,,,
L36,17,4,0.235,0.197,0.39,2.50,0.50,0.50,0.00,0.788,1,,0.48,3,,,,,
,,,,,,,,,,,2,,0.488,3,,,,,
,,,,,,,,,,,3,,0.286,2,,,,,
,,,,,,,,,,,4,,0.3,2,,,,,
A43,20,13,0.650,0.189230769,0.37,2.38,0.38,0.62,0.00,2.46,1,,0.31,2,,,,,
,,,,,,,,,,,2,,0.466,3,,,,,
,,,,,,,,,,,3,,0.285,2,,,,,
,,,,,,,,,,,4,,0.443,3,,,,,
,,,,,,,,,,,5,,0.292,2,,,,,
,,,,,,,,,,,6,,0.471,3,,,,,
,,,,,,,,,,,7,,0.284,2,,,,,
,,,,,,,,,,,8,,0.322,2,,,,,
,,,,,,,,,,,9,,0.344,2,,,,,
,,,,,,,,,,,10,,0.298,2,,,,,
,,,,,,,,,,,11,,0.489,3,,,,,
,,,,,,,,,,,12,,0.292,2,,,,,
,,,,,,,,,,,13,,0.484,3,,,,,
A44,18,3,0.167,0.918,0.48,3.00,1.00,0.00,0.00,2.754,1,,0.468,3,,,,,
,,,,,,,,,,,2,,0.494,3,,,,,
,,,,,,,,,,,3,,0.486,3,,,,,
A47,19,5,0.263,0.5722,0.48,3.00,1.00,0.00,0.00,2.861,1,,0.508,3,,,,,
,,,,,,,,,,,2,,0.497,3,,,,,
,,,,,,,,,,,3,,0.469,3,,,,,
,,,,,,,,,,,4,,0.5,3,,,,,
,,,,,,,,,,,5,,0.434,3,,,,,
A48,17,9,0.529,0.751555556,0.45,2.89,0.89,0.11,0.00,6.764,1,,0.482,3,,,,,
,,,,,,,,,,,2,,0.309,2,,,,,
,,,,,,,,,,,3,,0.483,3,,,,,
,,,,,,,,,,,4,,0.42,3,,,,,
,,,,,,,,,,,5,,0.476,3,,,,,
,,,,,,,,,,,6,,0.523,3,,,,,
,,,,,,,,,,,7,,0.477,3,,,,,
,,,,,,,,,,,8,,0.423,3,,,,,
,,,,,,,,,,,9,,0.456,3,,,,,
B43,19,7,0.368,0.999285714,0.49,3.00,1.00,0.00,0.00,6.995,1,,0.461,3,,,,,
,,,,,,,,,,,2,,0.482,3,,,,,
,,,,,,,,,,,3,,0.5,3,,,,,
,,,,,,,,,,,4,,0.511,3,,,,,
,,,,,,,,,,,5,,0.5,3,,,,,
,,,,,,,,,,,6,,0.509,3,,,,,
,,,,,,,,,,,7,,0.497,3,,,,,
B44,15,7,0.467,0.794142857,0.42,2.71,0.71,0.29,0.00,5.559,1,,0.494,3,,,,,
,,,,,,,,,,,2,,0.421,3,,,,,
,,,,,,,,,,,3,,0.485,3,,,,,
,,,,,,,,,,,4,,0.431,3,,,,,
,,,,,,,,,,,5,,0.464,3,,,,,
,,,,,,,,,,,6,,0.325,2,,,,,
,,,,,,,,,,,7,,0.312,2,,,,,
B46,19,1,0.053,0.702,0.48,3.00,1.00,0.00,0.00,0.702,1,,0.492,3,,,,,
B48,18,7,0.389,0.373,0.48,3.00,0.86,0.00,0.00,2.238,1,,0.506,3,,,,,
,,,,,,,,,,,2,,0.493,3,,,,,
,,,,,,,,,,,3,,0.491,3,,,,,
,,,,,,,,,,,4,,0.465,3,,,,,
,,,,,,,,,,,5,,0.503,3,,,,,
,,,,,,,,,,,6,,0.416,3,,,,,
,,,,,,,,,,,7,,NA,,,,,,
C41,18,3,0.167,0.334,0.50,3.00,1.00,0.00,0.00,1.002,1,,0.492,3,,,,,
,,,,,,,,,,,2,,0.511,3,,,,,
,,,,,,,,,,,3,,0.505,3,,,,,
C42,18,9,0.500,0.216666667,0.47,2.78,0.78,0.22,0.00,1.95,1,,0.493,3,,,,,
,,,,,,,,,,,2,,0.584,3,,,,,
,,,,,,,,,,,3,,0.523,3,,,,,
,,,,,,,,,,,4,,0.499,3,,,,,
,,,,,,,,,,,5,,0.491,3,,,,,
,,,,,,,,,,,6,,0.533,3,,,,,
,,,,,,,,,,,7,,0.517,3,,,,,
,,,,,,,,,,,8,,0.277,2,,,,,
,,,,,,,,,,,9,,0.311,2,,,,,
C43,19,4,0.211,0.94,0.46,2.75,0.75,0.25,0.00,3.76,1,,0.472,3,,,,,
,,,,,,,,,,,2,,0.397,2,,,,,
,,,,,,,,,,,3,,0.511,3,,,,,
,,,,,,,,,,,4,,0.448,3,,,,,
C48,19,7,0.368,0.317857143,0.47,3.00,0.86,0.00,0.00,2.225,1,,0.475,3,,,,,
,,,,,,,,,, ,2,,0.492,3,,,,,
,,,,,,,,,,,3,,0.462,3,,,,,
,,,,,,,,,,,4,,0.452,3,,,,,
,,,,,,,,,,,5,,0.471,3,,,,,
,,,,,,,,,,,6,,0.478,3,,,,,
,,,,,,,,,,,7,,0.479,3,,,,,
D41,15,6,0.400,0.486666667,0.42,2.50,0.50,0.50,0.00,2.92,1,,0.496,3,,,,,
,,,,,,,,,,,2,,0.323,2,,,,,
,,,,,,,,,,,3,,0.518,3,,,,,
,,,,,,,,,,,4,,0.348,2,,,,,
,,,,,,,,,,,5,,0.536,3,,,,,
,,,,,,,,,,,6,,0.308,2,,,,,
D42,16,9,0.563,0.863555556,0.50,3.00,1.00,0.00,0.00,7.772,1,,0.529,3,,,,,
,,,,,,,,,,,2,,0.524,3,,,,,
,,,,,,,,,,,3,,0.558,3,,,,,
,,,,,,,,,,,4,,0.461,3,,,,,
,,,,,,,,,,,5,,0.45,3,,,,,
,,,,,,,,,,,6,,0.499,3,,,,,
,,,,,,,,,,,7,,0.472,3,,,,,
,,,,,,,,,,,8,,0.506,3,,,,,
,,,,,,,,,,,9,,0.522,3,,,,,
D47,17,6,0.353,0.9745,0.46,3.00,1.00,0.00,0.00,5.847,1,,0.432,3,,,,,
,,,,,,,,,,,2,,0.513,3,,,,,
,,,,,,,,,,,3,,0.458,3,,,,,
,,,,,,,,,,,4,,0.471,3,,,,,
,,,,,,,,,,,5,,0.429,3,,,,,
,,,,,,,,,,,6,,0.462,3,,,,,
D48,17,9,0.529,0.793333333,0.47,2.78,0.78,0.22,0.00,7.14,1,,0.526,3,,,,,
,,,,,,,,,,,2,,0.315,2,,,,,
,,,,,,,,,,,3,,0.522,3,,,,,
,,,,,,,,,,,4,,0.525,3,,,,,
,,,,,,,,,,,5,,0.556,3,,,,,
,,,,,,,,,,,6,,0.472,3,,,,,
,,,,,,,,,,,7,,0.316,2,,,,,
,,,,,,,,,,,8,,0.51,3,,,,,
,,,,,,,,,,,9,,0.461,3,,,,,
E42,19,8,0.421,0.513625,0.46,2.88,0.88,0.13,0.00,4.109,1,,0.451,3,,,,,
,,,,,,,,,,,2,,0.34,2,,,,,
,,,,,,,,,,,3,,0.5,3,,,,,
,,,,,,,,,,,4,,0.432,3,,,,,
,,,,,,,,,,,5,,0.534,3,,,,,
,,,,,,,,,,,6,,0.47,3,,,,,
,,,,,,,,,,,7,,0.488,3,,,,,
,,,,,,,,,,,8,,0.44,3,,,,,
E43,18,5,0.278,1.2278,0.48,3.00,1.00,0.00,0.00,6.139,1,,0.496,3,,,,,
,,,,,,,,,,,2,,0.476,3,,,,,
,,,,,,,,,,,3,,0.48,3,,,,,
,,,,,,,,,,,4,,0.505,3,,,,,
,,,,,,,,,,,5,,0.464,3,,,,,
E46,20,4,0.200,1.72625,0.50,3.00,1.00,0.00,0.00,6.905,1,,0.492,3,,,,,
,,,,,,,,,,,2,,0.509,3,,,,,
,,,,,,,,,,,3,,0.49,3,,,,,
,,,,,,,,,,,4,,0.49,3,,,,,
E47,19,4,0.211,1.006,0.46,3.00,1.00,0.00,0.00,4.024,1,,0.507,3,,,,,
,,,,,,,,,,,2,,0.436,3,,,,,
,,,,,,,,,,,3,,0.444,3,,,,,
,,,,,,,,,,,4,,0.467,3,,,,,
G41,20,1,0.050,0.329,0.33,2.00,0.00,1.00,0.00,0.329,1,,0.33,2,,,,,
G42,19,9,0.474,0.607666667,0.36,2.33,0.33,0.67,0.00,5.469,1,,0.443,3,,,,,
,,,,,,,,,,,2,,0.419,3,,,,,
,,,,,,,,,,,3,,0.328,2,,,,,
,,,,,,,,,,,4,,0.435,3,,,,,
,,,,,,,,,,,5,,0.31,2,,,,,
,,,,,,,,,,,6,,0.303,2,,,,,
,,,,,,,,,,,7,,0.336,2,,,,,
,,,,,,,,,,,8,,0.366,2,,,,,
,,,,,,,,,,,9,,0.337,2,,,,,
G43,18,6,0.333,0.492333333,0.46,2.83,0.83,0.17,0.00,2.954,1,,0.561,3,,,,,
,,,,,,,,,,,2,,0.463,3,,,,,
,,,,,,,,,,,3,,0.456,3,,,,,
,,,,,,,,,,,4,,0.459,3,,,,,
,,,,,,,,,,,5,,0.299,2,,,,,
,,,,,,,,,,,6,,0.514,3,,,,,
G48,20,11,0.550,1.037909091,0.48,2.91,0.91,0.09,0.00,11.417,1,,0.325,2,,,,,
,,,,,,,,,,,2,,0.462,3,,,,,
,,,,,,,,,,,3,,0.519,3,,,,,
,,,,,,,,,,,4,,0.547,3,,,,,
,,,,,,,,,,,5,,0.471,3,,,,,
,,,,,,,,,,,6,,0.499,3,,,,,
,,,,,,,,,,,7,,0.481,3,,,,,
,,,,,,,,,,,8,,0.474,3,,,,,
,,,,,,,,,,,9,,0.521,3,,,,,
,,,,,,,,,,,10,,0.525,3,,,,,
,,,,,,,,,,,11,,0.501,3,,,,,
H42,20,9,0.450,0.748222222,0.50,3.00,1.00,0.00,0.00,6.734,1,,0.443,3,,,,,
,,,,,,,,,,,2,,0.486,3,,,,,
,,,,,,,,,,,3,,0.526,3,,,,,
,,,,,,,,,,,4,,0.488,3,,,,,
,,,,,,,,,,,5,,0.478,3,,,,,
,,,,,,,,,,,6,,0.508,3,,,,,
,,,,,,,,,,,7,,0.527,3,,,,,
,,,,,,,,,,,8,,0.513,3,,,,,
,,,,,,,,,,,9,,0.531,3,,,,,
H43,19,10,0.526,0.621333333,0.47,2.70,0.70,0.30,0.00,5.592,1,,0.5,3,,,,,
,,,,,,,,,,,2,,0.569,3,,,,,
,,,,,,,,,,,3,,0.531,3,,,,,
,,,,,,,,,,,4,,0.317,2,,,,,
,,,,,,,,,,,5,,0.364,2,,,,,
,,,,,,,,,,,6,,0.324,2,,,,,
,,,,,,,,,,,7,,0.467,3,,,,,
,,,,,,,,,,,8,,0.51,3,,,,,
,,,,,,,,,,,9,,0.542,3,,,,,
,,,,,,,,,,,10,,0.535,3,,,,,
H44,19,4,0.211,1.564,0.46,3.00,1.00,0.00,0.00,6.256,1,,0.462,3,,,,,
,,,,,,,,,,,2,,0.47,3,,,,,
,,,,,,,,,,,3,,0.473,3,,,,,
,,,,,,,,,,,4,,0.44,3,,,,,
H45,18,17,0.944,1.492777778,0.47,2.88,0.88,0.12,0.00,13.435,1,,0.464,3,,,,,
,,,,,,,,,,,2,,0.432,3,,,,,
,,,,,,,,,,,3,,0.499,3,,,,,
,,,,,,,,,,,4,,0.354,2,,,,,
,,,,,,,,,,,5,,0.492,3,,,,,
,,,,,,,,,,,6,,0.535,3,,,,,
,,,,,,,,,,,7,,0.477,3,,,,,
,,,,,,,,,,,8,,0.496,3,,,,,
,,,,,,,,,,,9,,0.521,3,,,,,
,,,,,,,,,,,10,,0.449,3,,,,,
,,,,,,,,,,,11,,0.481,3,,,,,
,,,,,,,,,,,12,,0.416,3,,,,,
,,,,,,,,,,,13,,0.293,2,,,,,
,,,,,,,,,,,14,,0.517,3,,,,,
,,,,,,,,,,,15,,0.509,3,,,,,
,,,,,,,,,,,16,,0.545,3,,,,,
,,,,,,,,,,,17,,0.483,3,,,,,
I43,15,7,0.467,0.724833333,0.46,2.83,0.71,0.14,0.00,4.349,1,,0.506,3,,,,,
,,,,,,,,,,,2,,0.497,3,,,,,
,,,,,,,,,,,3,,0.317,2,,,,,
,,,,,,,,,,,4,,0.508,3,,,,,
,,,,,,,,,,,5,,0.487,3,,,,,
,,,,,,,,,,,6,,0.458,3,,,,,
,,,,,,,,,,,7,,0.306,2,,,,,
I44,16,4,0.250,0.77425,0.48,3.00,1.00,0.00,0.00,3.097,1,,0.482,3,,,,,
,,,,,,,,,,,2,,0.443,3,,,,,
,,,,,,,,,,,3,,0.528,3,,,,,
,,,,,,,,,,,4,,0.459,3,,,,,
I45,19,2,0.105,1.4925,0.48,3.00,1.00,0.00,0.00,2.985,1,,0.519,3,,,,,
,,,,,,,,,,,2,,0.435,3,,,,,
I46,17,8,0.471,0.96425,0.46,3.00,1.00,0.00,0.00,7.714,1,,0.466,3,,,,,
,,,,,,,,,,,2,,0.427,3,,,,,
,,,,,,,,,,,3,,0.43,3,,,,,
,,,,,,,,,,,4,,0.409,3,,,,,
,,,,,,,,,,,5,,0.494,3,,,,,
,,,,,,,,,,,6,,0.43,3,,,,,
,,,,,,,,,,,7,,0.467,3,,,,,
,,,,,,,,,,,8,,0.536,3,,,,,
J41,19,8,0.421,0.542,0.47,2.88,0.88,0.13,0.00,4.336,1,,0.328,2,,,,,
,,,,,,,,,,,2,,0.477,3,,,,,
,,,,,,,,,,,3,,0.506,3,,,,,
,,,,,,,,,,,4,,0.488,3,,,,,
,,,,,,,,,,,5,,0.466,3,,,,,
,,,,,,,,,,,6,,0.53,3,,,,,
,,,,,,,,,,,7,,0.491,3,,,,,
,,,,,,,,,,,8,,0.476,3,,,,,
J42,19,3,0.158,1.653,0.55,3.00,1.00,0.00,0.00,4.959,1,,0.526,3,,,,,
,,,,,,,,,,,2,,0.555,3,,,,,
,,,,,,,,,,,3,,0.561,3,,,,,
J44,20,5,0.250,0.6766,0.42,2.60,0.60,0.40,0.00,3.383,1,,0.428,3,,,,,
,,,,,,,,,,,2,,0.343,2,,,,,
,,,,,,,,,,,3,,0.508,3,,,,,
,,,,,,,,,,,4,,0.317,2,,,,,
,,,,,,,,,,,5,,0.51,3,,,,,
J46,19,3,0.158,0.717333333,0.51,3.00,1.00,0.00,0.00,2.152,1,,0.537,3,,,,,
,,,,,,,,,,,2,,0.529,3,,,,,
,,,,,,,,,,,3,,0.453,3,,,,,
K41,17,7,0.412,0.845666667,0.42,2.50,0.57,0.14,0.14,5.074,1,,0.201,1,,,,,
,,,,,,,,,,,2,,0.362,2,,,,,
,,,,,,,,,,,3,,0.494,3,,,,,
,,,,,,,,,,,4,,0.494,3,,,,,
,,,,,,,,,,,5,,0.448,3,,,,,
,,,,,,,,,,,6,,0.499,3,,,,,
,,,,,,,,,,,7,,0.359,2,,,,,
K44,18,3,0.167,0.455666667,0.39,2.33,0.33,0.67,0.00,1.367,1,,0.367,2,,,,,
,,,,,,,,,,,2,,0.513,3,,,,,
,,,,,,,,,,,3,,0.304,2,,,,,
K46,14,7,0.500,1.055833333,0.44,2.67,0.57,0.29,0.00,6.335,1,,0.314,2,,,,,
,,,,,,,,,,,2,,0.393,2,,,,,
,,,,,,,,,,,3,,0.494,3,,,,,
,,,,,,,,,,,4,,0.475,3,,,,,
,,,,,,,,,,,5,,0.479,3,,,,,
,,,,,,,,,,,6,,0.484,3,,,,,
,,,,,,,,,,,7,,0.324,2,,,,,
K48,18,8,0.444,1.298375,0.51,3.00,1.00,0.00,0.00,10.387,1,,0.512,3,,,,,
,,,,,,,,,,,2,,0.504,3,,,,,
,,,,,,,,,,,3,,0.469,3,,,,,
,,,,,,,,,,,4,,0.529,3,,,,,
,,,,,,,,,,,5,,0.526,3,,,,,
,,,,,,,,,,,6,,0.47,3,,,,,
,,,,,,,,,,,7,,0.534,3,,,,,
,,,,,,,,,,,8,,0.506,3,,,,,
